date,drawdown
2013-11-18,0.0
2013-11-19,0.0
2013-11-20,-0.011589403973509894
2013-11-21,-0.023735770744956794
2013-11-22,-0.025124362926114682
2013-11-25,-0.01922666096987828
2013-11-26,-0.018898586993011265
2013-11-27,-0.020439771721549056
2013-11-28,-0.017509994811853374
2013-11-29,-0.011894589068269833
2013-12-02,-0.008056886501663184
2013-12-03,-0.007782219916379308
2013-12-04,-0.009681997131260042
2013-12-05,-0.005714590899380438
2013-12-06,-0.004799035615100487
2013-12-09,-0.005996887112033431
2013-12-10,-0.005668813135166414
2013-12-11,-0.007164220099490314
2013-12-12,-0.007988219855342215
2013-12-13,-0.008980071413312116
2013-12-16,-0.005516220587786512
2013-12-17,-0.011436811426129992
2013-12-18,-0.003021332438123728
2013-12-19,0.0
2013-12-20,0.0
2013-12-23,0.0
2013-12-24,0.0
2013-12-26,0.0
2013-12-27,0.0
2013-12-30,0.0
2013-12-31,0.0
2014-01-01,0.0
2014-01-02,0.0
2014-01-03,0.0
2014-01-06,0.0
2014-01-07,0.0
2014-01-08,0.0
2014-01-09,-0.010258350525767294
2014-01-10,-0.013834852692370935
2014-01-13,-0.015505314782161753
2014-01-14,-0.013078147643149402
2014-01-15,0.0
2014-01-16,-0.0011910790320163744
2014-01-17,-0.016889072741407385
2014-01-20,-0.014728013180323669
2014-01-21,-0.011054925147458393
2014-01-22,-0.006468914263706325
2014-01-23,-0.004792844967156153
2014-01-24,-0.010848091064054306
2014-01-27,-0.02410686903123189
2014-01-28,-0.03231604247944135
2014-01-29,-0.03731572153000159
2014-01-30,-0.03956949981812854
2014-01-31,-0.029598670556098338
2014-02-03,-0.03718734175409567
2014-02-04,-0.03917009607086557
2014-02-05,-0.03407769829326209
2014-02-06,-0.0308539394760678
2014-02-07,-0.03321470091078319
2014-02-10,-0.020020112831558568
2014-02-11,-0.023008508726258627
2014-02-12,-0.023785919591466954
2014-02-13,-0.024456347310086973
2014-02-14,-0.030390345840851866
2014-02-17,-0.02700254619888871
2014-02-18,-0.024306570904863437
2014-02-19,-0.01568372928984581
2014-02-20,-0.00924334386522976
2014-02-21,0.0
2014-02-24,0.0
2014-02-25,0.0
2014-02-26,-0.006804294203386105
2014-02-28,-0.004218522255858282
2014-03-03,0.0
2014-03-04,0.0
2014-03-05,0.0
2014-03-06,0.0
2014-03-07,-0.009565169964139126
2014-03-10,-0.007513055809323755
2014-03-11,-0.0015612429948594828
2014-03-12,0.0
2014-03-13,-0.0003669101409886088
2014-03-14,-0.004402921691863426
2014-03-18,0.0
2014-03-19,-0.0056974473003020346
2014-03-20,0.0
2014-03-21,0.0
2014-03-24,0.0
2014-03-25,0.0
2014-03-26,0.0
2014-03-27,-7.990837173379565e-05
2014-03-28,0.0
2014-03-31,0.0
2014-04-01,0.0
2014-04-02,0.0
2014-04-03,-0.0015779880330540022
2014-04-04,0.0
2014-04-07,0.0
2014-04-09,0.0
2014-04-10,0.0
2014-04-11,0.0
2014-04-15,0.0
2014-04-16,-0.007826304906322466
2014-04-17,0.0
2014-04-21,0.0
2014-04-22,0.0
2014-04-23,0.0
2014-04-25,0.0
2014-04-28,0.0
2014-04-29,0.0
2014-04-30,-0.013997893314011937
2014-05-02,-0.01494772861500617
2014-05-05,-0.016883931343956084
2014-05-06,-0.013474266160899627
2014-05-07,-0.013443822721765267
2014-05-08,-0.00997327066043987
2014-05-09,-0.009583594639519182
2014-05-12,-0.011440644426719541
2014-05-13,-0.0064479204086726255
2014-05-14,-0.002258903183774792
2014-05-15,-0.009114765676848938
2014-05-16,-0.0053884887267944765
2014-05-19,0.0
2014-05-20,0.0
2014-05-21,0.0
2014-05-22,0.0
2014-05-23,-0.0030453225660104994
2014-05-26,-0.020494964159332166
2014-05-27,-0.011863714726431511
2014-05-28,0.0
2014-05-29,-0.003406510219530547
2014-05-30,-0.005734009739342533
2014-06-02,0.0
2014-06-03,-1.692200085734194e-05
2014-06-04,0.0
2014-06-05,0.0
2014-06-06,0.0
2014-06-09,0.0
2014-06-10,0.0
2014-06-11,-0.010943457921745024
2014-06-12,-0.0018247886462282
2014-06-13,-0.010895992321120512
2014-06-16,-0.012852629857972213
2014-06-17,0.0
2014-06-18,0.0
2014-06-19,-0.0032575832479041548
2014-06-20,-0.00241977030395428
2014-06-23,-0.005307883247383802
2014-06-24,-0.0009158700505288662
2014-06-25,0.0
2014-06-26,0.0
2014-06-27,0.0
2014-06-30,0.0
2014-07-01,0.0
2014-07-02,0.0
2014-07-03,0.0
2014-07-04,0.0
2014-07-07,0.0
2014-07-08,-0.025534368239991688
2014-07-09,-0.039580891391978054
2014-07-10,-0.03808475561527404
2014-07-11,-0.05470901588572187
2014-07-14,-0.0575392854760475
2014-07-15,-0.04774293147316973
2014-07-16,-0.02680656012655211
2014-07-17,-0.004188227222047571
2014-07-18,-0.007423501720079632
2014-07-21,0.0
2014-07-22,0.0
2014-07-23,-0.005757618312034879
2014-07-24,-0.0019379300660019396
2014-07-25,-0.010022000655338596
2014-07-28,-0.011159481346252803
2014-07-30,-0.014693629171932794
2014-07-31,-0.013939989701820846
2014-08-01,-0.02507138510508818
2014-08-04,-0.0103309460281796
2014-08-05,-0.00860366053456902
2014-08-06,-0.007311707157234394
2014-08-07,-0.010597762486542065
2014-08-08,-0.021434255488461295
2014-08-11,-0.015615784299957898
2014-08-12,-0.019224827973599146
2014-08-13,-0.04401535364883212
2014-08-14,-0.034461452043252364
2014-08-18,-0.019627393156391882
2014-08-19,-0.007798530168983709
2014-08-20,0.0
2014-08-21,0.0
2014-08-22,0.0
2014-08-25,-0.007676500136998768
2014-08-26,-0.010498675678144153
2014-08-27,0.0
2014-08-28,0.0
2014-09-01,0.0
2014-09-02,0.0
2014-09-03,0.0
2014-09-04,0.0
2014-09-05,0.0
2014-09-08,0.0
2014-09-09,0.0
2014-09-10,0.0
2014-09-11,0.0
2014-09-12,0.0
2014-09-15,0.0
2014-09-16,-0.02736687287111746
2014-09-17,-0.021972693735883106
2014-09-18,-0.0061214841871759405
2014-09-19,-0.003846635608047162
2014-09-22,0.0
2014-09-23,-0.017834257152926976
2014-09-24,-0.03266877062574105
2014-09-25,-0.05436785107814559
2014-09-26,-0.05116785748614283
2014-09-29,-0.039072762807984364
2014-09-30,-0.02685751818269201
2014-10-01,-0.032404440742046105
2014-10-07,-0.041868251577969334
2014-10-08,-0.036361379000993295
2014-10-09,-0.0355403543622442
2014-10-10,-0.049185383358431374
2014-10-13,-0.04588125981224575
2014-10-14,-0.05022668290025956
2014-10-16,-0.06778459517477822
2014-10-17,-0.06475681650700078
2014-10-20,-0.06317884720130724
2014-10-21,-0.05722341482169758
2014-10-22,-0.04606949472942237
2014-10-27,-0.04234484636826765
2014-10-28,-0.03569654929351835
2014-10-29,-0.030421966614334786
2014-10-30,-0.02972109192271958
2014-10-31,-0.026661273269039804
2014-11-03,-0.01618419787895306
2014-11-05,-0.012395469545993394
2014-11-07,-0.016092082919483573
2014-11-10,-0.010384960430617539
2014-11-11,-0.0019544391400467763
2014-11-12,0.0
2014-11-13,0.0
2014-11-14,0.0
2014-11-17,0.0
2014-11-18,0.0
2014-11-19,0.0
2014-11-20,-0.006591441868316998
2014-11-21,-0.0028775211881476546
2014-11-24,-0.006449484156368301
2014-11-25,-0.025820956794978468
2014-11-26,-0.015435023653224179
2014-11-27,-0.0016305953399503696
2014-11-28,0.0
2014-12-01,-0.0011775824879384528
2014-12-02,0.0
2014-12-03,0.0
2014-12-04,0.0
2014-12-05,-0.00022309999268524595
2014-12-08,0.0
2014-12-09,-0.0177610275010631
2014-12-10,-0.008184537330139994
2014-12-11,0.0
2014-12-12,-0.010656476441111803
2014-12-15,-0.01392624103248142
2014-12-16,-0.03417570929016909
2014-12-17,-0.05210714156963118
2014-12-18,-0.023566098273189395
2014-12-19,-0.02103176033743109
2014-12-22,-0.010815097876635808
2014-12-23,-0.011276542052705552
2014-12-24,-0.009715562925844506
2014-12-26,-0.007224485381592772
2014-12-29,0.0
2014-12-30,0.0
2014-12-31,0.0
2015-01-01,0.0
2015-01-02,0.0
2015-01-05,-0.004152888840555557
2015-01-06,-0.029202760889438715
2015-01-07,-0.023476396162486004
2015-01-08,-0.0065521846846080855
2015-01-09,-0.004822380740383265
2015-01-12,0.0
2015-01-13,-0.001102767777464817
2015-01-14,0.0
2015-01-15,0.0
2015-01-16,0.0
2015-01-19,0.0
2015-01-20,0.0
2015-01-21,-0.0033875866365548446
2015-01-22,-0.0034427484879163556
2015-01-23,-0.010568361757910897
2015-01-27,-0.007982244373491232
2015-01-28,-0.0009280170287880242
2015-01-29,-0.0022291877579627677
2015-01-30,-0.007294343638865154
2015-02-02,-0.00661617734859697
2015-02-03,-0.0014244736910417385
2015-02-04,-0.004714715884017303
2015-02-05,-0.018073618357864203
2015-02-06,-0.03506671339199959
2015-02-09,-0.04612179736780631
2015-02-10,-0.040242192975625
2015-02-11,-0.02953105936713132
2015-02-12,-0.018083352802222095
2015-02-13,-0.017327310957090534
2015-02-16,-0.009215273992160492
2015-02-18,-0.004270176258339136
2015-02-19,-0.006509098460659913
2015-02-20,-0.0042669314435531715
2015-02-23,-0.016100770967993203
2015-02-24,-0.019498092048905825
2015-02-25,-0.023021960906471524
2015-02-26,-0.028155257897879163
2015-02-27,-0.01921579316252634
2015-03-02,-0.00963061028476498
2015-03-03,-0.00045102925525009665
2015-03-04,-0.005954235132258723
2015-03-05,-0.0056978947641668385
2015-03-09,-0.012547698777353827
2015-03-10,-0.014468629130649278
2015-03-11,-0.012359499519767427
2015-03-12,-0.004296134776626967
2015-03-13,-0.018122290579653786
2015-03-16,-0.02074734574150514
2015-03-17,-0.0246768164473172
2015-03-18,-0.026091555694001047
2015-03-19,-0.03242218934143245
2015-03-20,-0.04628403810710488
2015-03-23,-0.06189159722763022
2015-03-24,-0.06453612127819747
2015-03-25,-0.06430573942839342
2015-03-26,-0.07760623523609272
2015-03-27,-0.07369298860421049
2015-03-30,-0.05047958362536672
2015-03-31,-0.04814331697946678
2015-04-01,-0.033210679334423655
2015-04-06,-0.021415777587415315
2015-04-07,-0.016973626145419602
2015-04-08,-0.00025309555330580385
2015-04-09,0.0
2015-04-10,0.0
2015-04-13,0.0
2015-04-15,0.0
2015-04-16,0.0
2015-04-17,-0.003722177661921002
2015-04-20,-0.02623069981953076
2015-04-21,-0.027888134148786745
2015-04-22,-0.027258371766593063
2015-04-23,-0.02978368758772803
2015-04-24,-0.052486464808502116
2015-04-27,-0.07027020252656906
2015-04-28,-0.06779815019049523
2015-04-29,-0.05529063063966305
2015-04-30,-0.05527809805494281
2015-05-04,-0.041044214958893085
2015-05-05,-0.038337176659314146
2015-05-06,-0.059078604371365556
2015-05-07,-0.07738871064768395
2015-05-08,-0.06369059554842585
2015-05-11,-0.03984108682574693
2015-05-12,-0.054347553639462504
2015-05-13,-0.04592252356125922
2015-05-14,-0.042939768397834366
2015-05-15,-0.025701198115099248
2015-05-18,-0.02375551433727688
2015-05-19,-0.02844896731501898
2015-05-20,-0.030933552235813042
2015-05-21,-0.032747643874072516
2015-05-22,-0.03200195508321636
2015-05-25,-0.03871942049328246
2015-05-26,-0.042845774012432315
2015-05-27,-0.049384650090234614
2015-05-28,-0.04888334670142365
2015-05-29,-0.04357266392620811
2015-06-01,-0.05056584620012024
2015-06-02,-0.06365613094044507
2015-06-03,-0.07455321335472229
2015-06-04,-0.07757356627230798
2015-06-05,-0.0693521906958091
2015-06-08,-0.07892081912973728
2015-06-09,-0.08511191598155203
2015-06-10,-0.0718743733707639
2015-06-11,-0.08536570082213753
2015-06-12,-0.08278398836976135
2015-06-15,-0.07559341788650484
2015-06-16,-0.07581587126528971
2015-06-17,-0.05942325045117303
2015-06-18,-0.04536482354120705
2015-06-19,-0.042194079606978095
2015-06-22,-0.036585747944656105
2015-06-23,-0.032055218568277505
2015-06-24,-0.028730950471225127
2015-06-25,-0.0268228644475636
2015-06-26,-0.027803539201924993
2015-06-29,-0.03975649187888506
2015-06-30,-0.024162823340685684
2015-07-01,-0.014616126930018045
2015-07-02,-0.011238595347904518
2015-07-03,-0.004492931622217759
2015-07-06,0.0
2015-07-07,0.0
2015-07-08,-0.005304539578739216
2015-07-09,-0.004349479127062602
2015-07-10,-0.0009368108889057646
2015-07-13,0.0
2015-07-14,-0.0037232910853774127
2015-07-15,0.0
2015-07-16,0.0
2015-07-17,0.0
2015-07-20,0.0
2015-07-21,-0.014734355002789249
2015-07-22,-0.00965086827981837
2015-07-23,-8.651473882980744e-05
2015-07-24,-0.009627002144968796
2015-07-27,-0.010674128811496241
2015-07-28,-0.014546409190848545
2015-07-29,-0.011449778194109266
2015-07-30,-0.009489771869583542
2015-07-31,0.0
2015-08-03,0.0
2015-08-04,0.0
2015-08-05,-0.00040138639446614274
2015-08-06,-0.011930258381504674
2015-08-07,-0.011745679236604096
2015-08-10,-0.010963415241549698
2015-08-11,-0.02351479709478301
2015-08-12,-0.03906339268187641
2015-08-13,-0.04214850124664171
2015-08-14,-0.02862441659805998
2015-08-17,-0.023596832270294146
2015-08-18,-0.014455769856174791
2015-08-19,-0.008127342031015158
2015-08-20,-0.02664971273039446
2015-08-21,-0.029122487306521495
2015-08-24,-0.0846456519892066
2015-08-25,-0.08644163636736528
2015-08-26,-0.08455775715830159
2015-08-27,-0.05661599041360381
2015-08-28,-0.060205029342224485
2015-08-31,-0.06316708514372277
2015-09-01,-0.0799520680188799
2015-09-02,-0.08129099927633264
2015-09-03,-0.07542841405496943
2015-09-04,-0.08357626487986249
2015-09-07,-0.09519889135319956
2015-09-08,-0.09735524453806872
2015-09-09,-0.08681665431255989
2015-09-10,-0.08454896767521111
2015-09-11,-0.08077534960168996
2015-09-14,-0.07306111327592825
2015-09-15,-0.07659448547830912
2015-09-16,-0.0796766642153776
2015-09-18,-0.0699701450557693
2015-09-21,-0.06598557938807624
2015-09-22,-0.07413343021296918
2015-09-23,-0.07137353252255244
2015-09-24,-0.07416272848993755
2015-09-28,-0.07380235968322708
2015-09-29,-0.07556611595672069
2015-09-30,-0.06406947207434735
2015-10-01,-0.06156739922125195
2015-10-05,-0.048125349748181355
2015-10-06,-0.047890963532434626
2015-10-07,-0.04353430974724379
2015-10-08,-0.03939739303931545
2015-10-09,-0.03752523314103895
2015-10-12,-0.03977534081220698
2015-10-13,-0.03793540901859568
2015-10-14,-0.03752230331334223
2015-10-15,-0.030977068238617032
2015-10-16,-0.03001608475405571
2015-10-19,-0.02388102555688703
2015-10-20,-0.01673517580431108
2015-10-21,-0.014795629869007478
2015-10-23,-0.01770494877196278
2015-10-26,-0.02541918509772449
2015-10-27,-0.02128226838979615
2015-10-28,-0.02327748105133935
2015-10-29,-0.026204378920475817
2015-10-30,-0.02784215260300558
2015-11-02,-0.034651072170445774
2015-11-03,-0.023547025199447996
2015-11-04,-0.025524658894810447
2015-11-05,-0.03497335321709729
2015-11-06,-0.04242390505014401
2015-11-09,-0.03073682236747665
2015-11-10,-0.03672246035210667
2015-11-13,-0.03610426670807496
2015-11-16,-0.03784751418769068
2015-11-17,-0.02899650471555765
2015-11-18,-0.039420831660890054
2015-11-19,-0.025398676303846603
2015-11-20,-0.018970634336994665
2015-11-23,-0.014678436761134216
2015-11-24,-0.01857217777022545
2015-11-26,-0.02063184664109904
2015-11-27,-0.01684357942909376
2015-11-30,-0.017930545504618926
2015-12-01,-0.01796277360928412
2015-12-02,-0.0087601848135311
2015-12-03,-0.009791484162816463
2015-12-04,-0.01282385582903868
2015-12-07,-0.013811207762871544
2015-12-08,-0.024531447305583928
2015-12-09,-0.03693633777397551
2015-12-10,-0.02590846632309563
2015-12-11,-0.03115871755582068
2015-12-14,-0.030288558729861078
2015-12-15,-0.021548882710207863
2015-12-16,-0.021692444267352666
2015-12-17,-0.002502072853095507
2015-12-18,-0.005847936082879076
2015-12-21,0.0
2015-12-22,0.0
2015-12-23,0.0
2015-12-24,0.0
2015-12-28,0.0
2015-12-29,0.0
2015-12-30,0.0
2015-12-31,0.0
2016-01-01,0.0
2016-01-04,-0.008232725012555647
2016-01-05,-0.0023502251721046865
2016-01-06,-0.01295537346937064
2016-01-07,-0.03984006259867756
2016-01-08,-0.024537238721277617
2016-01-11,-0.025555577137053906
2016-01-12,-0.042309602626036696
2016-01-13,-0.05880557505598075
2016-01-14,-0.06673030125613565
2016-01-15,-0.0888257475908111
2016-01-18,-0.12122666770257849
2016-01-19,-0.11369318323709518
2016-01-20,-0.12955928422185894
2016-01-21,-0.12836891043339033
2016-01-22,-0.10709479426511763
2016-01-25,-0.10256082976544913
2016-01-27,-0.1016229595078678
2016-01-28,-0.10139542885366161
2016-01-29,-0.0980185409735537
2016-02-01,-0.0931321814362734
2016-02-02,-0.09600961178275809
2016-02-03,-0.10789947584706602
2016-02-04,-0.11176194744041887
2016-02-05,-0.10688668695944128
2016-02-08,-0.1080770607479098
2016-02-09,-0.11046890738114996
2016-02-10,-0.12181769245069929
2016-02-11,-0.15416311728095314
2016-02-12,-0.16280928214078588
2016-02-15,-0.13838858351068695
2016-02-16,-0.15587237195157472
2016-02-17,-0.14807251013482572
2016-02-18,-0.137728189660674
2016-02-19,-0.13704282293397996
2016-02-22,-0.13937917428570634
2016-02-23,-0.1486024900732815
2016-02-24,-0.1602176524940966
2016-02-25,-0.1609113435130178
2016-02-26,-0.16921898715561703
2016-02-29,-0.1741330943336542
2016-03-01,-0.1529005996265167
2016-03-02,-0.14091361881955983
2016-03-03,-0.13677922034678996
2016-03-04,-0.1366599054915355
2016-03-08,-0.13822764719429723
2016-03-09,-0.13705669675435844
2016-03-10,-0.13766159532285763
2016-03-11,-0.13736747033083507
2016-03-14,-0.13048883018721325
2016-03-15,-0.13494510129276255
2016-03-16,-0.13303883837276734
2016-03-17,-0.13064144221137594
2016-03-18,-0.12455083506524853
2016-03-21,-0.11235574695261534
2016-03-22,-0.11573263483272325
2016-03-23,-0.1059932129270708
2016-03-28,-0.11551897799889554
2016-03-29,-0.11361548984297601
2016-03-30,-0.10338493469592737
2016-03-31,-0.10204749841144742
2016-04-01,-0.09515220968337153
2016-04-04,-0.08122011925935986
2016-04-05,-0.08628406369748413
2016-04-06,-0.07789872666076571
2016-04-07,-0.0837895507934438
2016-04-08,-0.08252425837493167
2016-04-11,-0.07357564423084913
2016-04-12,-0.07012106295662204
2016-04-13,-0.0629815949898859
2016-04-18,-0.05124711771381633
2016-04-20,-0.049018982161041676
2016-04-21,-0.05192693491235892
2016-04-22,-0.056552466626525084
2016-04-25,-0.05760965173936087
2016-04-26,-0.05254848206531237
2016-04-27,-0.0470433501391544
2016-04-28,-0.05376105396638651
2016-04-29,-0.052839832293259247
2016-05-02,-0.055206706049818005
2016-05-03,-0.05573113646012243
2016-05-04,-0.06427740981323057
2016-05-05,-0.056749474875898716
2016-05-06,-0.05999594884444946
2016-05-09,-0.054993049215990304
2016-05-10,-0.060459334445088775
2016-05-11,-0.05796204677697266
2016-05-12,-0.04731250225449566
2016-05-13,-0.04875815433792735
2016-05-16,-0.05064221914531715
2016-05-17,-0.04913829701629612
2016-05-18,-0.047717617809545636
2016-05-19,-0.061144701171782716
2016-05-20,-0.06723253355383445
2016-05-23,-0.06606158311389576
2016-05-24,-0.07278483646927923
2016-05-25,-0.06752110901770575
2016-05-26,-0.06894456298853181
2016-05-27,-0.06424688740839801
2016-05-30,-0.06095601721463622
2016-05-31,-0.06300934263064267
2016-06-01,-0.062323975903948725
2016-06-02,-0.05787047956247519
2016-06-03,-0.06032059624130448
2016-06-06,-0.055029121148974215
2016-06-07,-0.04396336201514453
2016-06-08,-0.04177962268758092
2016-06-09,-0.04989858237303367
2016-06-10,-0.04700727820617049
2016-06-13,-0.053092335824146436
2016-06-14,-0.054235538623328534
2016-06-15,-0.04590014733997231
2016-06-16,-0.04936582767050231
2016-06-17,-0.04534241976075975
2016-06-20,-0.04874705528162464
2016-06-21,-0.05000957293606099
2016-06-22,-0.04941022389571316
2016-06-23,-0.05102791135183728
2016-06-24,-0.059335554994436525
2016-06-27,-0.050112239206861364
2016-06-28,-0.04075573474365327
2016-06-29,-0.026046710378449998
2016-06-30,-0.021754150353366176
2016-07-01,-0.017986020738586583
2016-07-04,-0.014270611641245167
2016-07-05,-0.013482578643750841
2016-07-07,-0.00948414361068948
2016-07-08,-0.008105085865074262
2016-07-11,-0.004250938563948551
2016-07-12,-0.007480763948045233
2016-07-13,-0.006323687328484847
2016-07-14,0.0
2016-07-15,0.0
2016-07-18,-0.0020422130663156034
2016-07-19,-0.007006192605704432
2016-07-20,0.0
2016-07-21,0.0
2016-07-22,0.0
2016-07-25,0.0
2016-07-26,-0.006550035292304222
2016-07-27,-0.013676105893138618
2016-07-28,-0.006896197355646432
2016-07-29,-0.0025231969148305907
2016-08-01,-0.01283233586374193
2016-08-02,-0.01593697686934279
2016-08-03,-0.027349507395157478
2016-08-04,-0.021851480248479452
2016-08-05,-0.013792394711292672
2016-08-08,-0.011820893584913849
2016-08-09,-0.01805181072507441
2016-08-10,-0.02806887543304064
2016-08-11,-0.028344723327266428
2016-08-12,-0.026021651355305687
2016-08-16,-0.026668000832952475
2016-08-17,-0.018178917107707884
2016-08-18,-0.007545251224413173
2016-08-19,-0.005838780427780526
2016-08-22,-0.00591720777025661
2016-08-23,-0.004421679480973231
2016-08-24,0.0
2016-08-25,0.0
2016-08-26,-4.038065497422521e-05
2016-08-29,0.0
2016-08-30,0.0
2016-08-31,0.0
2016-09-01,-0.011070052387185935
2016-09-02,-0.0063528352029246
2016-09-06,0.0
2016-09-07,-0.00513019043330096
2016-09-08,0.0
2016-09-09,-0.0031125681449829996
2016-09-12,-0.02301932265465482
2016-09-14,-0.014147319455261135
2016-09-15,-0.01162148224546921
2016-09-16,-0.012097707802731962
2016-09-19,-0.007248626576017202
2016-09-20,-0.0028336736197350537
2016-09-21,-0.0030967816624218373
2016-09-22,0.0
2016-09-23,0.0
2016-09-26,-0.0021302755380692012
2016-09-27,0.0
2016-09-28,0.0
2016-09-29,-0.03136023877831959
2016-09-30,-0.005174387937577911
2016-10-03,0.0
2016-10-04,0.0
2016-10-05,0.0
2016-10-06,-0.0038401248040560642
2016-10-07,0.0
2016-10-10,0.0
2016-10-13,-0.0189616788276079
2016-10-14,-0.012317431451084847
2016-10-17,-0.019737541109581896
2016-10-18,-0.011487209391392873
2016-10-19,-0.0059598083570745345
2016-10-20,-0.0047589514493057705
2016-10-21,-0.009295521989765467
2016-10-24,0.0
2016-10-25,0.0
2016-10-26,-0.004282349933380355
2016-10-27,-0.0022272152925617403
2016-10-28,0.0
2016-11-01,0.0
2016-11-02,-0.01496729280441697
2016-11-03,-0.025743263517974
2016-11-04,-0.04448418652103457
2016-11-07,-0.03224389365660436
2016-11-08,-0.032651983436355975
2016-11-09,-0.04654864070095412
2016-11-10,-0.030858788933565362
2016-11-11,-0.05830642741403106
2016-11-15,-0.105044709836164
2016-11-16,-0.1053879853567785
2016-11-17,-0.10990817979955586
2016-11-18,-0.1011366500630138
2016-11-21,-0.13542339314649215
2016-11-22,-0.1275184540598932
2016-11-23,-0.1190926003720819
2016-11-24,-0.11594790853987881
2016-11-25,-0.10442297305407193
2016-11-28,-0.0929844565804477
2016-11-29,-0.08908119786353004
2016-11-30,-0.08268138990577924
2016-12-01,-0.08368241013022858
2016-12-02,-0.09682290103822842
2016-12-05,-0.09741823201104241
2016-12-06,-0.10033487367220781
2016-12-07,-0.10259377062953853
2016-12-08,-0.09525775670647534
2016-12-09,-0.09465522414931288
2016-12-12,-0.10036608053771824
2016-12-13,-0.09625397587469249
2016-12-14,-0.1047926543839645
2016-12-15,-0.10818940166836709
2016-12-16,-0.10875352577567066
2016-12-19,-0.11312488747524452
2016-12-20,-0.12272699993998673
2016-12-21,-0.12288543479565495
2016-12-22,-0.13214667226789892
2016-12-23,-0.1303966872711997
2016-12-26,-0.14533037268199
2016-12-27,-0.1382416131548941
2016-12-28,-0.13351737382224083
2016-12-29,-0.127931344895877
2016-12-30,-0.11989197623477163
2017-01-02,-0.11312488747524452
2017-01-03,-0.10507351617355816
2017-01-04,-0.1032611174458381
2017-01-05,-0.09718298025565626
2017-01-06,-0.09598991778191202
2017-01-09,-0.09146972333913464
2017-01-10,-0.08736962131668971
2017-01-11,-0.08165876492828418
2017-01-12,-0.08458980975814683
2017-01-13,-0.08337034147512451
2017-01-16,-0.078809338054372
2017-01-17,-0.07457000540118829
2017-01-18,-0.06737562263698012
2017-01-19,-0.06429574506391397
2017-01-20,-0.07314169117205788
2017-01-23,-0.06934885674848466
2017-01-24,-0.05903858848946774
2017-01-25,-0.056258776930924854
2017-01-27,-0.04995499009782142
2017-01-30,-0.05624677429034387
2017-01-31,-0.05932425133529375
2017-02-01,-0.05101122246894317
2017-02-02,-0.049059593110484336
2017-02-03,-0.03209506091340086
2017-02-06,-0.02248814739242629
2017-02-07,-0.017600672147872448
2017-02-08,-0.01677729100402093
2017-02-09,-0.01600192042249284
2017-02-10,-0.0085962911840605
2017-02-13,-0.00940526915921494
2017-02-14,-0.013582188081377804
2017-02-15,-0.03107963752025443
2017-02-16,-0.020013202904639028
2017-02-17,-0.019689131608953966
2017-02-20,-0.012780411690571819
2017-02-21,-0.01037268199003777
2017-02-22,-0.015913100882194095
2017-02-23,-0.01506331392906434
2017-02-27,-0.021340694952889535
2017-02-28,-0.01816479625517619
2017-03-01,-0.009969393266518682
2017-03-02,-0.021273480165636495
2017-03-03,-0.01718298025565628
2017-03-06,-0.01660925403588782
2017-03-07,-0.014095901098241511
2017-03-08,-0.015769069195222956
2017-03-09,-0.014026285782872207
2017-03-10,-0.016225169537298172
2017-03-14,-0.008485866890715881
2017-03-15,-0.008517073756226306
2017-03-16,0.0
2017-03-17,0.0
2017-03-20,0.0
2017-03-21,-0.002234848484848491
2017-03-22,-0.005620265151515174
2017-03-23,-0.0016122159090909364
2017-03-24,-0.00027462121212124495
2017-03-27,0.0
2017-03-28,0.0
2017-03-29,0.0
2017-03-30,0.0
2017-03-31,0.0
2017-04-03,0.0
2017-04-05,0.0
2017-04-06,0.0
2017-04-07,-0.007948937084151786
2017-04-10,0.0
2017-04-11,0.0
2017-04-12,-0.003667967821413631
2017-04-13,-0.0051387096129193646
2017-04-17,-0.0010975021827851798
2017-04-18,-0.009999711183636089
2017-04-19,-0.009066612161834861
2017-04-20,-0.00022438809809984005
2017-04-21,-0.00034435797233130016
2017-04-24,0.0
2017-04-25,0.0
2017-04-26,-0.013334098645838531
2017-04-27,-0.007360245841924803
2017-04-28,-0.006636142471753408
2017-05-02,-0.009267640085302956
2017-05-03,-0.009344907213217638
2017-05-04,-0.005026778578903111
2017-05-05,-0.007662691456904913
2017-05-08,-0.0010177184562469963
2017-05-09,0.0
2017-05-10,0.0
2017-05-11,-0.005679301640081095
2017-05-12,-0.01558917027213959
2017-05-15,-0.005033480170444478
2017-05-16,-0.003209470884579088
2017-05-17,-0.0006174576888755407
2017-05-18,-0.005321481636633864
2017-05-19,-0.012872792806945274
2017-05-22,-0.02110047105694361
2017-05-23,-0.03945183720935305
2017-05-24,-0.05421191235155387
2017-05-25,-0.035070723996413034
2017-05-26,-0.021233562643591608
2017-05-29,-0.030624155904793792
2017-05-30,-0.035323816193973345
2017-05-31,-0.027608867826963472
2017-06-01,-0.02707868330966055
2017-06-02,-0.021028470690396223
2017-06-05,-0.015558624662089281
2017-06-06,-0.02050701349025053
2017-06-07,-0.01331352232338635
2017-06-08,-0.010178233634644034
2017-06-09,-0.009453866310592186
2017-06-12,-0.004156384796140783
2017-06-13,-0.0015949172104876982
2017-06-14,-0.0009425502529830798
2017-06-15,0.0
2017-06-16,0.0
2017-06-19,0.0
2017-06-20,0.0
2017-06-21,0.0
2017-06-22,0.0
2017-06-23,-0.011534644398158258
2017-06-27,-0.018300812280903467
2017-06-28,-0.026287318280366772
2017-06-29,-0.016554429635687474
2017-06-30,-0.012901934225266368
2017-07-03,0.0
2017-07-04,0.0
2017-07-05,0.0
2017-07-06,-1.8905299155383814e-05
2017-07-07,0.0
2017-07-10,0.0
2017-07-11,0.0
2017-07-12,0.0
2017-07-13,0.0
2017-07-14,-0.009326227241538703
2017-07-17,-0.0056031989850809155
2017-07-18,-0.006164969952508507
2017-07-19,-0.0001679094035484623
2017-07-20,0.0
2017-07-21,-0.0034668021176605785
2017-07-24,-0.0037558743609438384
2017-07-25,-0.0033965988585775327
2017-07-26,0.0
2017-07-27,-0.006342551422328383
2017-07-28,0.0
2017-07-31,0.0
2017-08-01,0.0
2017-08-02,-0.007876112539303804
2017-08-03,-0.016039001607996994
2017-08-04,-0.013679240451877869
2017-08-07,-0.0050575089361615715
2017-08-08,-0.01389841965648268
2017-08-09,-0.02386800086032956
2017-08-10,-0.04543564427419933
2017-08-11,-0.03862060489363657
2017-08-14,-0.022153486895336773
2017-08-16,-0.010160082755512813
2017-08-17,-0.002357712752337704
2017-08-18,-0.008914653256449948
2017-08-21,-0.022544732017575304
2017-08-22,-0.01849913454940242
2017-08-23,-0.012839394901523048
2017-08-24,-0.011686143572621089
2017-08-28,-0.005721191761319975
2017-08-29,-0.013931194116984402
2017-08-30,-0.006808894169218632
2017-08-31,0.0
2017-09-01,0.0
2017-09-04,-0.0011280134072450163
2017-09-05,0.0
2017-09-06,0.0
2017-09-07,0.0
2017-09-08,0.0
2017-09-11,0.0
2017-09-12,0.0
2017-09-13,-0.007608857359861565
2017-09-14,0.0
2017-09-15,0.0
2017-09-18,0.0
2017-09-19,0.0
2017-09-20,0.0
2017-09-21,-0.0010513453847624391
2017-09-22,-0.0329965030116079
2017-09-25,-0.04329256636969124
2017-09-26,-0.031517872871540877
2017-09-27,-0.0473798823842489
2017-09-28,-0.03980494825731542
2017-09-29,-0.02622179077289816
2017-10-03,-0.019469567205520184
2017-10-04,-0.0022619855247918742
2017-10-05,0.0
2017-10-06,0.0
2017-10-09,0.0
2017-10-10,0.0
2017-10-11,-0.012509658191986456
2017-10-12,-0.006639317119835053
2017-10-13,-0.0034272784134809172
2017-10-16,-0.002696935133742952
2017-10-17,0.0
2017-10-18,-0.0020975892392205804
2017-10-23,-0.0036011060015989373
2017-10-24,-0.00044372080060434854
2017-10-25,-0.010157905931190309
2017-10-26,-0.007517583811891785
2017-10-27,-0.0002860348962573282
2017-10-30,0.0
2017-10-31,0.0
2017-11-01,0.0
2017-11-02,0.0
2017-11-03,0.0
2017-11-06,0.0
2017-11-07,-0.005080370072127378
2017-11-08,-0.010929707723199325
2017-11-09,0.0
2017-11-10,-0.0050034090674306265
2017-11-13,-0.004507544713879275
2017-11-14,-0.0029975688872665427
2017-11-15,-0.013972011212043913
2017-11-16,0.0
2017-11-17,0.0
2017-11-20,0.0
2017-11-21,0.0
2017-11-22,0.0
2017-11-23,0.0
2017-11-24,0.0
2017-11-27,0.0
2017-11-28,0.0
2017-11-29,0.0
2017-11-30,0.0
2017-12-01,-0.007328147673474537
2017-12-04,-0.010252950225090311
2017-12-05,-0.00714090865802891
2017-12-06,-0.00790277775535936
2017-12-07,0.0
2017-12-08,0.0
2017-12-11,0.0
2017-12-12,-0.0038329891657944057
2017-12-13,-0.012969930129274963
2017-12-14,-0.01332195537451394
2017-12-15,-0.0048403471220364635
2017-12-18,0.0
2017-12-19,0.0
2017-12-20,0.0
2017-12-21,0.0
2017-12-22,-0.003940129291604127
2017-12-26,-0.0056235980496433515
2017-12-27,-0.006383340429277047
2017-12-28,-0.002280731579256204
2017-12-29,-0.004714916074794779
2018-01-01,-0.00413119321677921
2018-01-02,-0.013215004084555554
2018-01-03,0.0
2018-01-04,0.0
2018-01-05,0.0
2018-01-08,0.0
2018-01-09,-0.005336916374313892
2018-01-10,-0.00548460098369551
2018-01-11,-0.00395852668675384
2018-01-12,-0.0031781148783558166
2018-01-15,-0.00038948196003555887
2018-01-16,-0.02059331567874843
2018-01-17,-0.0182289140403179
2018-01-18,-0.037604555635832926
2018-01-19,-0.02954705709458042
2018-01-22,-0.020105377312458803
2018-01-23,-0.026467398622479085
2018-01-24,-0.03785069665146882
2018-01-25,-0.044765811302505946
2018-01-29,-0.05216017698986921
2018-01-30,-0.055808855574587264
2018-01-31,-0.06072588433399317
2018-02-01,-0.06378961603449464
2018-02-02,-0.09488301786259834
2018-02-05,-0.0945036711208539
2018-02-06,-0.11579342108501864
2018-02-07,-0.09709683911499283
2018-02-08,-0.07758509601671451
2018-02-09,-0.07429115007217733
2018-02-12,-0.06649137565317874
2018-02-14,-0.06508837186405492
2018-02-15,-0.07794706809853176
2018-02-16,-0.09257508386893143
2018-02-19,-0.10659933020685991
2018-02-20,-0.10440867516770179
2018-02-21,-0.10460269220355581
2018-02-22,-0.10623446234838803
2018-02-23,-0.09925419272262379
2018-02-26,-0.09074350513493604
2018-02-27,-0.09535068579230625
2018-02-28,-0.09829279487331709
2018-03-01,-0.0992455053926602
2018-03-05,-0.11073739504619491
2018-03-06,-0.1201935537115894
2018-03-07,-0.13427281980595407
2018-03-08,-0.136903632896602
2018-03-09,-0.13644030863187595
2018-03-12,-0.13137849103974317
2018-03-13,-0.12279251325903748
2018-03-14,-0.12574041389335727
2018-03-15,-0.12118390932744151
2018-03-16,-0.12872016807087713
2018-03-19,-0.14295001455127773
2018-03-20,-0.1443819761069469
2018-03-21,-0.14200888713855286
2018-03-22,-0.15465763956557563
2018-03-23,-0.16197381928326643
2018-03-26,-0.15518177514004705
2018-03-27,-0.14886174259151752
2018-03-28,-0.1588217663948016
2018-04-02,-0.1357598011180594
2018-04-03,-0.1259633886957567
2018-04-04,-0.13404839711522742
2018-04-05,-0.12267523430452859
2018-04-06,-0.11536195036349242
2018-04-09,-0.1086944246164183
2018-04-10,-0.10552210129137164
2018-04-11,-0.1079531057928565
2018-04-12,-0.10571467043889846
2018-04-13,-0.10834548352954639
2018-04-16,-0.1031099193381414
2018-04-17,-0.10480974023435527
2018-04-18,-0.10692510508049548
2018-04-19,-0.10185170438174455
2018-04-20,-0.10221222857523449
2018-04-23,-0.09742985343026465
2018-04-24,-0.09472085436994428
2018-04-25,-0.09486419531434384
2018-04-26,-0.08400648074815295
2018-04-27,-0.08644906835625593
2018-04-30,-0.08881057421803182
2018-05-02,-0.09622955400695865
2018-05-03,-0.10293762062719632
2018-05-04,-0.10875523592616355
2018-05-07,-0.0970678813484474
2018-05-08,-0.09737917733881031
2018-05-09,-0.09180480727882433
2018-05-10,-0.09970303810407719
2018-05-11,-0.10198925377283506
2018-05-14,-0.11476686826098483
2018-05-15,-0.11490441765207542
2018-05-16,-0.12144742500300448
2018-05-17,-0.11570365200872795
2018-05-18,-0.1192321558622827
2018-05-21,-0.13513865702566102
2018-05-22,-0.13427137191762686
2018-05-23,-0.14082596237517406
2018-05-24,-0.14150212622400862
2018-05-25,-0.14205377167669817
2018-05-28,-0.13425254936937234
2018-05-29,-0.1385701523612887
2018-05-30,-0.13653876503813023
2018-05-31,-0.1458182813275979
2018-06-01,-0.16201291226810266
2018-06-04,-0.1818489823516892
2018-06-05,-0.20157356503407614
2018-06-06,-0.19048563622384945
2018-06-07,-0.17465876891847087
2018-06-08,-0.17405499948599967
2018-06-11,-0.16899028611721248
2018-06-12,-0.16832715326332323
2018-06-13,-0.1710520790952436
2018-06-14,-0.1683517673648868
2018-06-15,-0.17373067250069144
2018-06-18,-0.17661486604861143
2018-06-19,-0.18833407416952755
2018-06-20,-0.18969798497381504
2018-06-21,-0.19524339726725562
2018-06-22,-0.19562853556230922
2018-06-25,-0.20358178614399838
2018-06-26,-0.20899544059965752
2018-06-27,-0.2224622499315873
2018-06-28,-0.22918479543509773
2018-06-29,-0.2172165505218914
2018-07-02,-0.21954620284046736
2018-07-03,-0.21853123312305175
2018-07-04,-0.21579472418451318
2018-07-05,-0.21850661902148819
2018-07-06,-0.21525031817346002
2018-07-09,-0.20559000725392063
2018-07-10,-0.20399733009392462
2018-07-11,-0.20346740296614413
2018-07-12,-0.2047372010291591
2018-07-13,-0.20749687618093393
2018-07-16,-0.22077256425366434
2018-07-17,-0.2192870308298862
2018-07-18,-0.22742995478244757
2018-07-19,-0.2316809549113097
2018-07-20,-0.2307673373768029
2018-07-23,-0.22544200410910714
2018-07-24,-0.21389075103415428
2018-07-25,-0.21237625984383085
2018-07-26,-0.2092053844071115
2018-07-27,-0.19130803679373823
2018-07-30,-0.18521966637757173
2018-07-31,-0.18023313897845697
2018-08-01,-0.17439090957792616
2018-08-02,-0.1715733188930605
2018-08-03,-0.16370838949933478
2018-08-06,-0.14876618196191768
2018-08-07,-0.145986236373561
2018-08-08,-0.14570389814974363
2018-08-09,-0.14930334853133453
2018-08-10,-0.15073965375198553
2018-08-13,-0.15667599589378878
2018-08-14,-0.15909396940032816
2018-08-16,-0.15460696347412126
2018-08-17,-0.14928597387140735
2018-08-20,-0.149225162561662
2018-08-21,-0.14740082326930296
2018-08-23,-0.14529704152978098
2018-08-24,-0.14774831646784756
2018-08-27,-0.14076225528877415
2018-08-28,-0.13771734613652728
2018-08-29,-0.138641098889325
2018-08-30,-0.13746541356758243
2018-08-31,-0.12940357136134809
2018-09-03,-0.13275253706232157
2018-09-04,-0.14735304295450302
2018-09-05,-0.15016339419773242
2018-09-06,-0.1422955690273521
2018-09-07,-0.14022364083103006
2018-09-10,-0.1465711832577778
2018-09-11,-0.1556349641864823
2018-09-12,-0.15724356811807827
2018-09-14,-0.14866627766733617
2018-09-17,-0.1522555928306362
2018-09-18,-0.16017264620414365
2018-09-19,-0.16627549550358292
2018-09-21,-0.18271481957139618
2018-09-24,-0.19957692703077204
2018-09-25,-0.20616047525486464
2018-09-26,-0.20192105823262074
2018-09-27,-0.21167403400510537
2018-09-28,-0.2280279326616097
2018-10-01,-0.23431321589028484
2018-10-03,-0.23378908031581352
2018-10-04,-0.2477134223591603
2018-10-05,-0.2601768450802927
2018-10-08,-0.2714356247131372
2018-10-09,-0.2760790025786892
2018-10-10,-0.25158507574627786
2018-10-11,-0.2615364122195984
2018-10-12,-0.2500749282209362
2018-10-15,-0.24464100332869534
2018-10-16,-0.23671091896024252
2018-10-17,-0.24738619959719751
2018-10-19,-0.2554234277018683
2018-10-22,-0.26480284828591744
2018-10-23,-0.2736422065238953
2018-10-24,-0.27033378169608535
2018-10-25,-0.2724216366640075
2018-10-26,-0.27124160767728306
2018-10-29,-0.26259481858683215
2018-10-30,-0.25509765282823277
2018-10-31,-0.24876169350810315
2018-11-01,-0.246248159371964
2018-11-02,-0.23889143878110974
2018-11-05,-0.24083305702797767
2018-11-06,-0.24167283225779373
2018-11-09,-0.2321211129627995
2018-11-12,-0.23750291387525868
2018-11-13,-0.23839046941987468
2018-11-14,-0.23483445568810174
2018-11-15,-0.23782289719558516
2018-11-16,-0.23892184443598238
2018-11-19,-0.23219929893247196
2018-11-20,-0.2367920007065696
2018-11-21,-0.23724518975300476
2018-11-22,-0.2386033090039832
2018-11-26,-0.24175246611579349
2018-11-27,-0.2416149167247029
2018-11-28,-0.24065786254037805
2018-11-29,-0.2399035127218709
2018-11-30,-0.2363518426550798
2018-12-03,-0.23588127894871727
2018-12-04,-0.2334039420207599
2018-12-05,-0.2394720420003447
2018-12-06,-0.2484721158426494
2018-12-07,-0.24698513453054394
2018-12-10,-0.2572188092276819
2018-12-11,-0.2515387433198053
2018-12-12,-0.23736536448416817
2018-12-13,-0.23193288748025445
2018-12-14,-0.23131898282949243
2018-12-17,-0.2283493638702635
2018-12-18,-0.22547096187565258
2018-12-19,-0.21728749704992759
2018-12-20,-0.21583671294600393
2018-12-21,-0.22534209981452555
2018-12-24,-0.23544980822719117
2018-12-26,-0.23526882218628248
2018-12-27,-0.23209070730792686
2018-12-28,-0.22512202078878066
2018-12-31,-0.22065238952250094
2019-01-01,-0.22077546003031887
2019-01-02,-0.2222696807840606
2019-01-03,-0.2252827363931075
2019-01-04,-0.22785708183899203
2019-01-07,-0.2265568781211043
2019-01-08,-0.22897629951597095
2019-01-09,-0.22827841734222734
2019-01-10,-0.22911095313040702
2019-01-11,-0.229923218482005
2019-01-14,-0.23037930330509476
2019-01-15,-0.22862880631742646
2019-01-16,-0.22964377603484204
2019-01-17,-0.23019542148753155
2019-01-18,-0.231591185835019
2019-01-21,-0.23467518797210218
2019-01-22,-0.23935041938085405
2019-01-23,-0.24316994878818998
2019-01-24,-0.24289195422935425
2019-01-25,-0.24999095069795468
2019-01-28,-0.260328873354656
2019-01-29,-0.2607849581777458
2019-01-30,-0.26149731923476216
2019-01-31,-0.25649920872902915
2019-02-01,-0.2572738289841182
2019-02-04,-0.26105860907159956
2019-02-05,-0.2657019869371516
2019-02-06,-0.26824447883983615
2019-02-07,-0.26313488093290344
2019-02-08,-0.26804611813900026
2019-02-11,-0.2740041786057126
2019-02-12,-0.2762513012896342
2019-02-13,-0.27727351044868614
2019-02-14,-0.27569965583694467
2019-02-15,-0.27842602955719237
2019-02-18,-0.28006503914366093
2019-02-19,-0.273258516117169
2019-02-20,-0.26862237769325337
2019-02-21,-0.2632232021208669
2019-02-22,-0.25989161107982073
2019-02-25,-0.2593414135154584
2019-02-26,-0.2624572691957415
2019-02-27,-0.2663622240143863
2019-02-28,-0.26488248214391724
2019-03-01,-0.25518018246288704
2019-03-05,-0.23695271631089648
2019-03-06,-0.22909213058215253
2019-03-07,-0.22240867806347842
2019-03-08,-0.21900758838272327
2019-03-11,-0.20741724232293418
2019-03-12,-0.199646425670481
2019-03-13,-0.20082500676887796
2019-03-14,-0.2033993522147625
2019-03-15,-0.20608952872682848
2019-03-18,-0.20604174841202855
2019-03-19,-0.20186893425283897
2019-03-20,-0.20708278011933504
2019-03-22,-0.20873192492409454
2019-03-25,-0.21776964386290826
2019-03-26,-0.2122546372243402
2019-03-27,-0.21148001696925126
2019-03-28,-0.2071638618656621
2019-03-29,-0.1940619203922041
2019-04-01,-0.18661687861338638
2019-04-02,-0.18916660995770723
2019-04-03,-0.19410390915369485
2019-04-04,-0.1943268839560943
2019-04-05,-0.1889059900587988
2019-04-08,-0.19087946184886653
2019-04-09,-0.19408798238209488
2019-04-10,-0.19441230936740314
2019-04-11,-0.19209713593209995
2019-04-12,-0.19030320229461345
2019-04-15,-0.18695858025862191
2019-04-16,-0.18734806221865727
2019-04-18,-0.19319029161918808
2019-04-22,-0.20444617547537802
2019-04-23,-0.20285784198036377
2019-04-24,-0.19971882008684438
2019-04-25,-0.19846060513044755
2019-04-26,-0.19904699990299154
2019-04-30,-0.20245967269036483
2019-05-02,-0.20362667068214368
2019-05-03,-0.20515274497908534
2019-05-06,-0.2109356109581981
2019-05-07,-0.21318273364211976
2019-05-08,-0.2201919610344294
2019-05-09,-0.2223623456370058
2019-05-10,-0.2223970949568602
2019-05-13,-0.23495173464261052
2019-05-14,-0.23116550666680186
2019-05-15,-0.23218047638421754
2019-05-16,-0.2335776886200322
2019-05-17,-0.2315622280684736
2019-05-20,-0.21109343078587042
2019-05-21,-0.21692697285643764
2019-05-22,-0.21675322625716534
2019-05-23,-0.2183241850922523
2019-05-24,-0.20373671019501619
2019-05-27,-0.19057830107679466
2019-05-28,-0.18134222143714507
2019-05-29,-0.1840092317359747
2019-05-30,-0.18645761089738674
2019-05-31,-0.18222688120510644
2019-06-03,-0.17844354900595233
2019-06-04,-0.17895030992049654
2019-06-06,-0.187368332655239
2019-06-07,-0.18782152170167424
2019-06-10,-0.19290216184206155
2019-06-11,-0.1938592160263864
2019-06-12,-0.1940141400774042
2019-06-13,-0.19847363612539298
2019-06-14,-0.20038195294073363
2019-06-17,-0.20871455026416724
2019-06-18,-0.21294527995644755
2019-06-19,-0.21677060091709255
2019-06-20,-0.21161467058368733
2019-06-21,-0.21115279420728847
2019-06-24,-0.21539800278284144
2019-06-25,-0.21096312083641622
2019-06-26,-0.20415804569825147
2019-06-27,-0.20225696832454712
2019-06-28,-0.20041815014891542
2019-07-01,-0.19927287048204553
2019-07-02,-0.19705904922965103
2019-07-03,-0.19824921343466623
2019-07-04,-0.19685779275216064
2019-07-05,-0.2057449313049384
2019-07-08,-0.2157599748646587
2019-07-09,-0.2169298686330922
2019-07-10,-0.22039466540024713
2019-07-11,-0.21671558116065634
2019-07-12,-0.21410793428324465
2019-07-15,-0.216024938428549
2019-07-16,-0.21690091086654675
2019-07-17,-0.21352153951070066
2019-07-18,-0.21792746369058058
2019-07-19,-0.22678564447681282
2019-07-22,-0.23227169334883543
2019-07-23,-0.23037495964011293
2019-07-24,-0.23642134129478867
2019-07-25,-0.23955891529998083
2019-07-26,-0.23886537679121886
2019-07-29,-0.24475828228320412
2019-07-30,-0.2548297934876879
2019-07-31,-0.24852134404577653
2019-08-01,-0.2571145612681186
2019-08-02,-0.261071640066545
2019-08-05,-0.26756976287932865
2019-08-06,-0.2611150767163631
2019-08-07,-0.2591430528146225
2019-08-08,-0.2578196828834986
2019-08-09,-0.2526333468952207
2019-08-13,-0.2601594704203654
2019-08-14,-0.2510088161920248
2019-08-16,-0.24679256538301725
2019-08-19,-0.24712268392163456
2019-08-20,-0.2481883297305046
2019-08-21,-0.25401897602441725
2019-08-22,-0.2610267555283997
2019-08-23,-0.2571015302731731
2019-08-26,-0.24660433990047217
2019-08-27,-0.23880022181649185
2019-08-28,-0.23994839726001618
2019-08-29,-0.24566900404105638
2019-08-30,-0.24166559281615735
2019-09-03,-0.24747162500850636
2019-09-04,-0.24533743761411175
2019-09-05,-0.24306859660528107
2019-09-06,-0.237751950667549
2019-09-09,-0.23353714774686868
2019-09-11,-0.22179187763606178
2019-09-12,-0.22324266173998542
2019-09-13,-0.22391448192383825
2019-09-16,-0.22083337556340962
2019-09-17,-0.22993624947695043
2019-09-18,-0.23068770351880305
2019-09-19,-0.23573938589264493
2019-09-20,-0.21166824245179622
2019-09-23,-0.18411203180721084
2019-09-24,-0.18266993503325077
2019-09-25,-0.1900324471774142
2019-09-26,-0.18359513567437577
2019-09-27,-0.18361830188761202
2019-09-30,-0.18705414088822167
2019-10-01,-0.19416906412842197
2019-10-03,-0.19788434557619444
2019-10-04,-0.20443748814541443
2019-10-07,-0.20648045857519104
2019-10-09,-0.2028419152087638
2019-10-10,-0.2070422392461715
2019-10-11,-0.20623576544788258
2019-10-14,-0.20415659780992415
2019-10-15,-0.20293168428505448
2019-10-16,-0.20467638971941374
2019-10-17,-0.19980858916313507
2019-10-18,-0.18397593030444753
2019-10-22,-0.18426840374655593
2019-10-23,-0.183477856719867
2019-10-24,-0.18211973746888857
2019-10-25,-0.1837268935121572
2019-10-29,-0.17356706111971004
2019-10-30,-0.1720525699293865
2019-10-31,-0.16512587217173125
2019-11-01,-0.16050131685443375
2019-11-04,-0.15275801008019857
2019-11-05,-0.15919966524821882
2019-11-06,-0.1637923670223164
2019-11-07,-0.16156551477497647
2019-11-08,-0.16813458411579643
2019-11-11,-0.16468426623191412
2019-11-13,-0.16163935707966728
2019-11-14,-0.16272527332511905
2019-11-15,-0.16442364633300569
2019-11-18,-0.16327402300115404
2019-11-19,-0.16273540854340995
2019-11-20,-0.1626036507056284
2019-11-21,-0.15988886009199885
2019-11-22,-0.15942119216229095
2019-11-25,-0.1567889311833158
2019-11-26,-0.16129910332275896
2019-11-27,-0.1627585747566462
2019-11-28,-0.1639299164134069
2019-11-29,-0.16045788020461568
2019-12-02,-0.1594530457054909
2019-12-03,-0.16088790303781456
2019-12-04,-0.1553062935361922
2019-12-05,-0.15666441278717064
2019-12-06,-0.16554865556329376
2019-12-09,-0.17029628138840913
2019-12-10,-0.1773446017655551
2019-12-11,-0.18019404599362063
2019-12-12,-0.1788431661842786
2019-12-13,-0.1704222476728816
2019-12-16,-0.1748354112943977
2019-12-17,-0.17013556578408226
2019-12-18,-0.1728590437276754
2019-12-19,-0.17028614617011822
2019-12-20,-0.16507664396860403
2019-12-23,-0.16636960824485533
2019-12-24,-0.1686283140353951
2019-12-26,-0.16768718662267024
2019-12-27,-0.1635809753265351
2019-12-30,-0.16314805671668164
2019-12-31,-0.16298589322402748
2020-01-01,-0.16187536287701204
2020-01-02,-0.15445059153477617
2020-01-03,-0.15027488159893215
2020-01-06,-0.16409207990606106
2020-01-07,-0.15717406947836932
2020-01-08,-0.16041589144312482
2020-01-09,-0.1509481496711122
2020-01-10,-0.147083735725631
2020-01-13,-0.14324683165836788
2020-01-14,-0.1415542502037904
2020-01-15,-0.13590748572744094
2020-01-16,-0.12809757609015143
2020-01-17,-0.11830550733283048
2020-01-20,-0.11720945586908779
2020-01-21,-0.1207336160576608
2020-01-22,-0.1190048373949015
2020-01-23,-0.11463366253487607
2020-01-24,-0.10463599363508297
2020-01-27,-0.1028073106777421
2020-01-28,-0.10102640803520115
2020-01-29,-0.10039223294785732
2020-01-30,-0.10501099671184566
2020-01-31,-0.10586669871326171
2020-02-03,-0.11842133839901203
2020-02-04,-0.10537441668199023
2020-02-05,-0.10143181676683648
2020-02-06,-0.10102061648189208
2020-02-07,-0.09772377476070038
2020-02-10,-0.1036326070242855
2020-02-11,-0.09952784361647757
2020-02-12,-0.09932948291564171
2020-02-13,-0.09915139265138766
2020-02-14,-0.0988067952294976
2020-02-17,-0.10163017746767233
2020-02-18,-0.10868718517478192
2020-02-19,-0.09854472744226193
2020-02-20,-0.09691295729742962
2020-02-24,-0.1052889912706814
2020-02-25,-0.10807907207732888
2020-02-26,-0.11440055251418572
2020-02-27,-0.11548646875963758
2020-02-28,-0.13923038943852342
2020-03-02,-0.139437437469323
2020-03-03,-0.13557736718882352
2020-03-04,-0.14819571396097364
2020-03-05,-0.14179749544277157
2020-03-06,-0.15264362690234431
2020-03-09,-0.17803234872100793
2020-03-11,-0.1795222258097678
2020-03-12,-0.23027795112218585
2020-03-13,-0.23033731454360393
2020-03-16,-0.26302628930835825
2020-03-17,-0.2769665581233051
2020-03-18,-0.318358789623274
2020-03-19,-0.3446249317682626
2020-03-20,-0.337637422700862
2020-03-23,-0.4018628531218645
2020-03-24,-0.4026012761687717
2020-03-25,-0.3876807869562637
2020-03-26,-0.3672033023436969
2020-03-27,-0.35923412499040774
2020-03-30,-0.37507257540240446
2020-03-31,-0.3585883667964458
2020-04-01,-0.36615358330642683
2020-04-03,-0.36730031086162396
2020-04-07,-0.34669830785291195
2020-04-08,-0.33733336615213544
2020-04-09,-0.32254608266573626
2020-04-13,-0.32856061077721205
2020-04-15,-0.32438490084136795
2020-04-16,-0.3194287790971259
2020-04-17,-0.30579256683090555
2020-04-20,-0.2920535544934491
2020-04-21,-0.30809181349460885
2020-04-22,-0.3005685857461186
2020-04-23,-0.2956544527633673
2020-04-24,-0.3067525167918849
2020-04-27,-0.3037886893859651
2020-04-28,-0.2988079535401594
2020-04-29,-0.29176542471632255
2020-04-30,-0.2847127606741948
2020-05-04,-0.3049875409209439
2020-05-05,-0.31203296552143533
2020-05-06,-0.3115175172769275
2020-05-07,-0.3136792145495403
2020-05-08,-0.3192072521830537
2020-05-11,-0.32044085303788694
2020-05-12,-0.3246657911768582
2020-05-13,-0.3117477315209633
2020-05-14,-0.3219133554667196
2020-05-15,-0.32046112347446865
2020-05-18,-0.3357363453271576
2020-05-19,-0.33795306235620665
2020-05-20,-0.3302604316734259
2020-05-21,-0.32536077757394727
2020-05-22,-0.3308844715424789
2020-05-26,-0.3279003736999773
2020-05-27,-0.3262193753520179
2020-05-28,-0.31741621432222183
2020-05-29,-0.30682635909657563
2020-06-01,-0.28527164556852064
2020-06-02,-0.27269673544618855
2020-06-03,-0.2619794660477427
2020-06-04,-0.26450168751384545
2020-06-05,-0.25722170500433644
2020-06-08,-0.2507887371662799
2020-06-09,-0.2590952724998227
2020-06-10,-0.2556131010727405
2020-06-11,-0.26675170597442166
2020-06-12,-0.2635344981112297
2020-06-15,-0.26151758967134386
2020-06-16,-0.2649432934536626
2020-06-17,-0.2619620913878155
2020-06-18,-0.2533457079522371
2020-06-19,-0.24202901278630193
2020-06-22,-0.2287866261450988
2020-06-23,-0.2237450789895477
2020-06-24,-0.22900670517084368
2020-06-25,-0.22984648040065975
2020-06-26,-0.22599220167346937
2020-06-29,-0.2334213166806871
2020-06-30,-0.2351978756582463
2020-07-01,-0.2318575972872365
2020-07-02,-0.22591111992714238
2020-07-03,-0.2190568165858504
2020-07-06,-0.20668026716435423
2020-07-07,-0.2046459840645411
2020-07-08,-0.21079516579045296
2020-07-09,-0.20372512708839793
2020-07-10,-0.20456490231821403
2020-07-13,-0.21032460208409054
2020-07-14,-0.2144134387202985
2020-07-15,-0.2115104226241239
2020-07-16,-0.21432801330898957
2020-07-17,-0.21023483300779985
2020-07-20,-0.20504415335454015
2020-07-21,-0.19752526927103173
2020-07-22,-0.19547795517627328
2020-07-23,-0.18932587767370687
2020-07-24,-0.18760868211756573
2020-07-27,-0.19628153319790756
2020-07-28,-0.2002415077729886
2020-07-29,-0.2017806130648756
2020-07-30,-0.203380529666508
2020-07-31,-0.1993061719135727
2020-08-03,-0.18896969714519868
2020-08-04,-0.1811250381880547
2020-08-05,-0.17460954071534374
2020-08-06,-0.1645988408206053
2020-08-07,-0.1606243873622516
2020-08-10,-0.1497768080143515
2020-08-11,-0.1458588222007614
2020-08-12,-0.14160637418357208
2020-08-13,-0.12099857962155099
2020-08-14,-0.11893244297853801
2020-08-17,-0.11666649774636187
2020-08-18,-0.10855542733700038
2020-08-19,-0.10554237172795347
2020-08-20,-0.09783960582688184
2020-08-21,-0.0848534954196054
2020-08-24,-0.07021534443091482
2020-08-25,-0.07043831923331426
2020-08-26,-0.06402851760849394
2020-08-27,-0.05843242922359892
2020-08-28,-0.05837306580218097
2020-08-31,-0.09711421377492001
2020-09-01,-0.09758188170462792
2020-09-02,-0.0799639765384176
2020-09-03,-0.07874195879020254
2020-09-04,-0.08718025196152682
2020-09-07,-0.0857236763042941
2020-09-08,-0.09228261042682304
2020-09-09,-0.10234398641301604
2020-09-10,-0.08806491172948817
2020-09-11,-0.08875121079661377
2020-09-14,-0.04681022962060988
2020-09-15,-0.03688205936052574
2020-09-16,-0.03424545471656864
2020-09-17,-0.040423594209026026
2020-09-18,-0.048524529400096605
2020-09-21,-0.07395234420359634
2020-09-22,-0.09050460356093662
2020-09-23,-0.09208280183765996
2020-09-24,-0.10742462655340322
2020-09-25,-0.09529421814754284
2020-09-28,-0.07963096222314575
2020-09-29,-0.07870141791703901
2020-09-30,-0.07621394577079063
2020-10-01,-0.07176892860607448
2020-10-05,-0.06823318531088347
2020-10-06,-0.06956234679531638
2020-10-07,-0.07186738501232875
2020-10-08,-0.08085587574801543
2020-10-09,-0.08362279034142665
2020-10-12,-0.09130962947089821
2020-10-13,-0.08977341995566573
2020-10-14,-0.08111649564692378
2020-10-15,-0.09422133289703642
2020-10-16,-0.08365609177295381
2020-10-19,-0.07634425572024485
2020-10-20,-0.07748084805715118
2020-10-21,-0.07678875743671651
2020-10-22,-0.0744171163566497
2020-10-23,-0.06731811988804927
2020-10-26,-0.07122741837167597
2020-10-27,-0.06914535495706303
2020-10-28,-0.07152133970211148
2020-10-29,-0.07517870561679323
2020-10-30,-0.0727404616736722
2020-11-02,-0.07395668786857817
2020-11-03,-0.06935964242949877
2020-11-04,-0.06364627509009496
2020-11-05,-0.053613856870447285
2020-11-06,-0.04785415710457098
2020-11-09,-0.03613060531867303
2020-11-10,-0.03721073001081583
2020-11-11,-0.034714570534603965
2020-11-12,-0.028649366331673618
2020-11-13,-0.01692002299246681
2020-11-17,0.0
2020-11-18,0.0
2020-11-19,0.0
2020-11-20,0.0
2020-11-23,0.0
2020-11-24,0.0
2020-11-25,-0.01045955407735215
2020-11-26,-0.00832877564221793
2020-11-27,0.0
2020-12-01,0.0
2020-12-02,0.0
2020-12-03,0.0
2020-12-04,0.0
2020-12-07,0.0
2020-12-08,-0.0031595908002155296
2020-12-09,0.0
2020-12-10,-0.004419662324702985
2020-12-11,-0.0022733433468694166
2020-12-14,0.0
2020-12-15,0.0
2020-12-16,0.0
2020-12-17,-0.0024476503593690107
2020-12-18,-0.006483421317375249
2020-12-21,-0.036197481824121684
2020-12-22,-0.03489198187079312
2020-12-23,-0.014781837604621406
2020-12-24,-0.011278897312770365
2020-12-28,0.0
2020-12-29,0.0
2020-12-30,0.0
2020-12-31,-0.0002712357089486447
2021-01-01,0.0
2021-01-04,0.0
2021-01-05,0.0
2021-01-06,0.0
2021-01-07,0.0
2021-01-08,0.0
2021-01-11,-0.003759494300689279
2021-01-12,-0.005089515525206817
2021-01-13,-0.009686340706294767
2021-01-14,-0.015900792066472085
2021-01-15,-0.022747488917501207
2021-01-18,-0.035976103304787274
2021-01-19,-0.02169051037137451
2021-01-20,-0.02158614739207841
2021-01-21,-0.02299990170463585
2021-01-22,-0.03393374407042319
2021-01-25,-0.04147821665511805
2021-01-27,-0.05042552184523469
2021-01-28,-0.057081695582897586
2021-01-29,-0.055227432415869505
2021-02-01,-0.03604527411664636
2021-02-02,-0.021627407174590805
2021-02-03,-0.009112344320166221
2021-02-04,0.0
2021-02-05,0.0
2021-02-08,0.0
2021-02-09,-0.004336921683889768
2021-02-10,-0.0012695766321247054
2021-02-11,0.0
2021-02-12,0.0
2021-02-15,0.0
2021-02-16,-0.0051806707469104155
2021-02-17,-0.002449792773170222
2021-02-18,0.0
2021-02-19,-0.007066385913059114
2021-02-22,-0.02187376142412703
2021-02-23,-0.01775014409862083
2021-02-24,-0.008629549044389423
2021-02-25,0.0
2021-02-26,-0.006611949216524523
2021-03-01,0.0
2021-03-02,0.0
2021-03-03,0.0
2021-03-04,0.0
2021-03-05,-0.008285532186105778
2021-03-08,-0.004211896499978128
2021-03-09,-0.007263751049601834
2021-03-10,-0.002986658393499217
2021-03-12,-0.0003462140704545552
2021-03-15,-0.004114102265791236
2021-03-16,-0.004429966401498102
2021-03-17,-0.018986694363792262
2021-03-18,-0.032775681384136925
2021-03-19,-0.036110801991405414
2021-03-22,-0.02862673289696873
2021-03-23,-0.01619899665363874
2021-03-24,-0.0313683436691722
2021-03-25,-0.04825077589046151
2021-03-26,-0.038820938757203834
2021-03-30,-0.025455726751668982
2021-03-31,-0.01673293069086574
2021-04-01,-0.005305618222550386
2021-04-05,-0.015340205907446178
2021-04-06,-0.006973740562013388
2021-04-07,-0.0006294801280991766
2021-04-08,0.0
2021-04-09,0.0
2021-04-12,-0.04151913528743203
2021-04-13,-0.033968787600364904
2021-04-15,-0.032032316732419304
2021-04-16,-0.02911150094823746
2021-04-19,-0.035894148480542544
2021-04-20,-0.03126683857521076
2021-04-22,-0.02490970357441645
2021-04-23,-0.023266536383543448
2021-04-26,-0.016146145223094096
2021-04-27,-0.004865063643564918
2021-04-28,0.0
2021-04-29,0.0
2021-04-30,-0.001568133237251598
2021-05-03,0.0
2021-05-04,-0.0002210481622362486
2021-05-05,0.0
2021-05-06,0.0
2021-05-07,0.0
2021-05-10,0.0
2021-05-11,0.0
2021-05-12,-0.007067156690394813
2021-05-14,-0.013862869588356596
2021-05-17,-0.00657449689389221
2021-05-18,0.0
2021-05-19,0.0
2021-05-20,0.0
2021-05-21,0.0
2021-05-24,0.0
2021-05-25,0.0
2021-05-26,0.0
2021-05-27,0.0
2021-05-28,-0.006720711537459808
2021-05-31,-0.005375547845235763
2021-06-01,-0.007169099434867775
2021-06-02,0.0
2021-06-03,0.0
2021-06-04,0.0
2021-06-07,0.0
2021-06-08,0.0
2021-06-09,-0.01107357544834691
2021-06-10,-0.0014663547499705223
2021-06-11,-0.0027738876980027993
2021-06-14,-0.00877315651838633
2021-06-15,-0.005102275247172705
2021-06-16,-0.009773034655117035
2021-06-17,-0.015079081270814207
2021-06-18,-0.016759196181883974
2021-06-21,-0.012912512161354923
2021-06-22,-0.0074536370192644025
2021-06-23,-0.004017492373556946
2021-06-24,-0.0033891973206062235
2021-06-25,0.0
2021-06-28,0.0
2021-06-29,-0.00279800210743134
2021-06-30,0.0
2021-07-01,0.0
2021-07-02,0.0
2021-07-05,0.0
2021-07-06,0.0
2021-07-07,0.0
2021-07-08,-0.004843718176298628
2021-07-09,-0.004167064839992301
2021-07-12,0.0
2021-07-13,0.0
2021-07-14,0.0
2021-07-15,-0.0017756639976285935
2021-07-16,-0.0025176616338769002
2021-07-19,-0.0042923755705116815
2021-07-20,-0.0180141065056377
2021-07-22,-0.010482022945873167
2021-07-23,-0.008162924059724647
2021-07-26,-0.008057467289400001
2021-07-27,-0.01296833256695075
2021-07-28,-0.01557529993425573
2021-07-29,-0.0034781732987258064
2021-07-30,0.0
2021-08-02,0.0
2021-08-03,0.0
2021-08-04,-0.008788180414294584
2021-08-05,-0.013110837283314889
2021-08-06,-0.014907009772268625
2021-08-09,-0.01995621888302694
2021-08-10,-0.03434345712918807
2021-08-11,-0.045257719265101345
2021-08-12,-0.033440201366820535
2021-08-13,-0.030803747242532133
2021-08-16,-0.034881086989827344
2021-08-17,-0.03193916135381214
2021-08-18,-0.033965612366990604
2021-08-20,-0.04772404925516647
2021-08-23,-0.0594767132017268
2021-08-24,-0.05001649546163322
2021-08-25,-0.04568819911855021
2021-08-26,-0.03976675135276876
2021-08-27,-0.033641342608388344
2021-08-30,-0.01640053048652684
2021-08-31,-0.007251423732222763
2021-09-01,-0.006873578970025164
2021-09-02,0.0
2021-09-03,0.0
2021-09-06,0.0
2021-09-07,-0.0017607260987967882
2021-09-08,0.0
2021-09-09,0.0
2021-09-13,0.0
2021-09-14,0.0
2021-09-15,0.0
2021-09-16,-0.001282521900307656
2021-09-17,-0.01128709909860917
2021-09-20,-0.025344989327423784
2021-09-21,-0.021285331665601658
2021-09-22,-0.011919749477700897
2021-09-23,-0.00116378665724035
2021-09-24,-0.007123208208140145
2021-09-27,-0.009213311036486104
2021-09-28,-0.008013269343194608
2021-09-29,-0.007625340457447825
2021-09-30,-0.0014710480877734595
2021-10-01,0.0
2021-10-04,0.0
2021-10-05,0.0
2021-10-06,-0.0029520295202951218
2021-10-07,0.0
2021-10-08,0.0
2021-10-11,0.0
2021-10-12,0.0
2021-10-13,0.0
2021-10-14,0.0
2021-10-18,0.0
2021-10-19,-0.010786898134990707
2021-10-20,-0.03429990248650886
2021-10-21,-0.03093968628905857
2021-10-22,-0.03477981181427851
2021-10-25,-0.047020903284655975
2021-10-26,-0.034086325817590184
2021-10-27,-0.0289681438911116
2021-10-28,-0.0344377487827832
2021-10-29,-0.032765724263160524
2021-11-01,-0.02777602869925845
2021-11-02,-0.017055501003214745
2021-11-03,-0.01701806126842418
2021-11-08,-0.0018439069384337853
2021-11-09,0.0
2021-11-10,-1.5266178544767732e-05
2021-11-11,0.0
2021-11-12,0.0
2021-11-15,-0.0004375846667650182
2021-11-16,-0.005615669890151146
2021-11-17,-0.00955560846064083
2021-11-18,-0.019241989350429877
2021-11-22,-0.03963242887991739
2021-11-23,-0.029580555816355276
2021-11-24,-0.01972484139651549
2021-11-25,-0.01638595302922598
2021-11-26,-0.0463831363922905
2021-11-29,-0.060780677870622524
2021-11-30,-0.03927448126936443
2021-12-01,-0.03997528736403028
2021-12-02,-0.034461049934949105
2021-12-03,-0.031790274555038404
2021-12-06,-0.04236439905039103
2021-12-07,-0.031200122054267247
2021-12-08,-0.027627352227155032
2021-12-09,-0.024078054374505494
2021-12-10,-0.01895948737207778
2021-12-13,-0.021947134407232036
2021-12-14,-0.02284409914562011
2021-12-15,-0.021441648671486246
2021-12-16,-0.03126047856002792
2021-12-17,-0.04084961841275806
2021-12-20,-0.06590678943627022
2021-12-21,-0.059991851871722374
2021-12-22,-0.04854004318843305
2021-12-23,-0.043849839719945854
2021-12-24,-0.052709671794734264
2021-12-27,-0.05188899097334932
2021-12-28,-0.042787732875518104
2021-12-29,-0.03507551269498508
2021-12-30,-0.03564386979089832
2021-12-31,-0.023285036951594167
2022-01-03,-0.012253208954223006
2022-01-04,-0.010876745308958241
2022-01-05,-0.012124113094679305
2022-01-06,-0.0101700712206768
2022-01-07,-0.010339404750727657
2022-01-10,-0.00026992770631868165
2022-01-11,-0.0006622449937632259
2022-01-12,0.0
2022-01-13,0.0
2022-01-14,0.0
2022-01-17,0.0
2022-01-18,-0.012430982287162853
2022-01-19,-0.01411776288262269
2022-01-20,-0.01442213817489677
2022-01-21,-0.02462814527972165
2022-01-24,-0.06604533633059578
2022-01-25,-0.057121643462494494
2022-01-27,-0.06911698348497403
2022-01-28,-0.06673941044721016
2022-01-31,-0.05538399691522611
2022-02-01,-0.04124654398674195
2022-02-02,-0.029506354141883122
2022-02-03,-0.03241145632501698
2022-02-04,-0.03044655383176498
2022-02-07,-0.030910910746662874
2022-02-08,-0.04019476737031231
2022-02-09,-0.04287671570035025
2022-02-10,-0.04535273896742111
2022-02-11,-0.05996029174084614
2022-02-14,-0.0879825086759264
2022-02-15,-0.07878561642149823
2022-02-16,-0.06906939920747558
2022-02-17,-0.07284988801286414
2022-02-18,-0.07607495344124574
2022-02-21,-0.09298213948756656
2022-02-22,-0.10376243959668217
2022-02-23,-0.09844858846983726
2022-02-24,-0.13370443600324886
2022-02-25,-0.1045566047797586
2022-02-28,-0.09857739418651387
2022-03-02,-0.0992640845359302
2022-03-03,-0.09793090434739807
2022-03-04,-0.11031184110132983
2022-03-07,-0.12497272108229616
2022-03-08,-0.12127099246035325
2022-03-09,-0.10776526183658895
2022-03-10,-0.09885305482857351
2022-03-11,-0.09429152753734954
2022-03-14,-0.08623747836145998
2022-03-15,-0.09104595164452901
2022-03-16,-0.08523656769683889
2022-03-17,-0.0800826981926179
2022-03-21,-0.0827441360582169
2022-03-22,-0.08266045336330598
2022-03-23,-0.08064386449966773
2022-03-24,-0.0800728531696871
2022-03-25,-0.08243237699874478
2022-03-28,-0.08623993961719262
2022-03-29,-0.07429710638367694
2022-03-30,-0.06969619900073015
2022-03-31,-0.06974296285965101
2022-04-01,-0.0576220987948051
2022-04-04,-0.04682210863982802
2022-04-05,-0.034589667648434214
2022-04-06,-0.032221939633601024
2022-04-07,-0.03698611031348196
2022-04-08,-0.030601612942923396
2022-04-11,-0.025807086775672963
2022-04-12,-0.03496459893837831
2022-04-13,-0.035579912871547034
2022-04-18,-0.040039708259153775
2022-04-19,-0.04776394916686493
2022-04-20,-0.047663858100402766
2022-04-21,-0.039551559205506605
2022-04-22,-0.040211175741863434
2022-04-25,-0.05047707340285008
2022-04-26,-0.04389977766656545
2022-04-27,-0.045657114259695306
2022-04-28,-0.03793287335198415
2022-04-29,-0.04472840042989929
2022-05-02,-0.051042341802787716
2022-05-04,-0.06843193397271286
2022-05-05,-0.06970440318650577
2022-05-06,-0.08181214055411067
2022-05-09,-0.0884558901951775
2022-05-10,-0.10059316263157465
2022-05-11,-0.11236945089384595
2022-05-12,-0.12357554824471446
2022-05-13,-0.12175750067684525
2022-05-16,-0.11082214145657111
2022-05-17,-0.09333409905733897
2022-05-18,-0.09405934907990054
2022-05-19,-0.10431868339226673
2022-05-20,-0.09326846557113434
2022-05-23,-0.09163747343894858
2022-05-24,-0.0945926211553134
2022-05-25,-0.11006243385375211
2022-05-26,-0.1052178621532706
2022-05-27,-0.10472725184389067
2022-05-30,-0.09027557860020176
2022-05-31,-0.08606601087875032
2022-06-01,-0.07254223104627983
2022-06-02,-0.07256028025498601
2022-06-03,-0.08371222997973563
2022-06-06,-0.08549581996734729
2022-06-07,-0.09036828589946588
2022-06-08,-0.09182945138609717
2022-06-09,-0.09119772908137731
2022-06-10,-0.09457703320233986
2022-06-13,-0.11232925038354567
2022-06-14,-0.11587181780144225
2022-06-15,-0.1143015366439957
2022-06-16,-0.1317017942554291
2022-06-17,-0.13945392939477724
2022-06-20,-0.1532878274495648
2022-06-21,-0.13962621729606448
2022-06-22,-0.14453478164559555
2022-06-23,-0.13378073493096176
2022-06-24,-0.12573735119658044
2022-06-27,-0.11605641198139292
2022-06-28,-0.11521384210224059
2022-06-29,-0.11780554438874716
2022-06-30,-0.11932413917580745
2022-07-01,-0.12009205096440206
2022-07-04,-0.11324237626036802
2022-07-05,-0.1065485810860701
2022-07-06,-0.10202643388656885
2022-07-07,-0.09675278327002433
2022-07-08,-0.0949101231448285
2022-07-11,-0.08627111552313982
2022-07-12,-0.09325944096678125
2022-07-13,-0.09189836654661203
2022-07-14,-0.09300839288204837
2022-07-15,-0.08770520719671171
2022-07-18,-0.08168743693032186
2022-07-19,-0.07453010525970352
2022-07-20,-0.07303530261139228
2022-07-21,-0.06956821370263101
2022-07-22,-0.06398444486376943
2022-07-25,-0.06205564078792992
2022-07-26,-0.0652454282174765
2022-07-27,-0.06288672480699652
2022-07-28,-0.05306303275931378
2022-07-29,-0.04974033752020277
2022-08-01,-0.02839058487640391
2022-08-02,-0.018197704468819933
2022-08-03,-0.020690136107442036
2022-08-04,-0.01931183289714409
2022-08-05,-0.019598979399289458
2022-08-08,-0.00850035688208116
2022-08-10,-0.0008163164846704127
2022-08-11,0.0
2022-08-12,0.0
2022-08-16,0.0
2022-08-17,0.0
2022-08-18,0.0
2022-08-19,-0.009803164989346339
2022-08-22,-0.015789204333603236
2022-08-23,-0.007841394733357642
2022-08-24,-0.0015434217334900399
2022-08-25,0.0
2022-08-26,0.0
2022-08-29,-0.003351227031074872
2022-08-30,0.0
2022-09-01,0.0
2022-09-02,0.0
2022-09-05,0.0
2022-09-06,0.0
2022-09-07,0.0
2022-09-08,0.0
2022-09-09,0.0
2022-09-12,0.0
2022-09-13,-0.0020773803220966855
2022-09-14,0.0
2022-09-15,-0.005039901756893969
2022-09-16,-0.02667163458431073
2022-09-19,-0.02808825150843479
2022-09-20,-0.019863052760045786
2022-09-21,-0.021956421730584378
2022-09-22,-0.022085688975405103
2022-09-23,-0.034547811771683666
2022-09-26,-0.05829800662304537
2022-09-27,-0.052238414423182944
2022-09-28,-0.05382535995224722
2022-09-29,-0.04796727257519372
2022-09-30,-0.036286836412301744
2022-10-03,-0.033270347234631556
2022-10-04,-0.02484136247676057
2022-10-06,-0.01996874774257575
2022-10-07,-0.016132552153630325
2022-10-10,-0.024504507244668676
2022-10-11,-0.030113184878774048
2022-10-12,-0.028125510890765416
2022-10-13,-0.03366499252911366
2022-10-14,-0.031734348207937774
2022-10-17,-0.030544329160029096
2022-10-18,-0.02605039141361346
2022-10-19,-0.021637815991879118
2022-10-20,-0.021250014257416728
2022-10-21,-0.02908893206245893
2022-10-25,-0.02559643526562533
2022-10-27,-0.022327494762775724
2022-10-28,-0.027838081369928647
2022-10-31,-0.029422745712319648
2022-11-01,-0.02775595864968966
2022-11-02,-0.023220199147596734
2022-11-03,-0.02338976735697905
2022-11-04,-0.02201725337520577
2022-11-07,-0.019163488846898283
2022-11-09,-0.023325133734568685
2022-11-10,-0.028807585706084403
2022-11-11,-0.028617486816642074
2022-11-14,-0.030547370742260167
2022-11-15,-0.0312347683264835
2022-11-16,-0.025830637097418226
2022-11-17,-0.02612795176050589
2022-11-18,-0.03123933069983016
2022-11-21,-0.029328456663156276
2022-11-22,-0.0310515129970611
2022-11-23,-0.028599997718813344
2022-11-24,-0.024741750658692746
2022-11-25,-0.022464365963174176
2022-11-28,-0.01896350481520484
2022-11-29,-0.02255713422122185
2022-11-30,-0.01521399431984517
2022-12-01,-0.00938860395177574
2022-12-02,-0.00627326335159563
2022-12-05,-0.003571577934841836
2022-12-06,-0.004424741750658835
2022-12-07,-0.006783488770858595
2022-12-08,-0.001381638728466597
2022-12-09,-0.006997159922591687
2022-12-12,-0.0067287402906993435
2022-12-13,-0.0032856692051206533
2022-12-14,0.0
2022-12-15,-0.00784877620457124
2022-12-16,-0.015955137728597458
2022-12-19,-0.015704370844069244
2022-12-20,-0.012983057704414915
2022-12-21,-0.029082140170354938
2022-12-22,-0.04567442276266319
2022-12-23,-0.07136628556666119
2022-12-26,-0.050685214829944474
2022-12-27,-0.0429947778364501
2022-12-28,-0.040533322827892855
2022-12-29,-0.037683217028510935
2022-12-30,-0.035306613654597835
2023-01-02,-0.03147616843352522
2023-01-03,-0.032504994503583906
2023-01-04,-0.039914360457320025
2023-01-05,-0.039868146620594354
2023-01-06,-0.047551765179161966
2023-01-09,-0.04203868173894336
2023-01-10,-0.046931287600827695
2023-01-11,-0.04611610582514052
2023-01-12,-0.043931176233057215
2023-01-13,-0.044973639172969315
2023-01-16,-0.045546387706816474
2023-01-17,-0.046878255329175146
2023-01-18,-0.0475510075752813
2023-01-19,-0.048879087178236205
2023-01-20,-0.05447247662981429
2023-01-23,-0.057351371376664816
2023-01-24,-0.05956508991621662
2023-01-25,-0.062448530286351576
2023-01-27,-0.07044882726707281
2023-01-30,-0.07297089058609003
2023-01-31,-0.058193826892058924
2023-02-01,-0.06452284971184546
2023-02-02,-0.0605083067477505
2023-02-03,-0.0583688333885122
2023-02-06,-0.06063103857643211
2023-02-07,-0.05740288844055581
2023-02-08,-0.05214890552755374
2023-02-09,-0.0549808288337977
2023-02-10,-0.05170570725731496
2023-02-13,-0.057498346529530266
2023-02-14,-0.05987722271508569
2023-02-15,-0.05715742478319281
2023-02-16,-0.053211823772246127
2023-02-17,-0.05214739031979219
2023-02-20,-0.053136063384171185
2023-02-21,-0.056652860598613165
2023-02-22,-0.06517741946481355
2023-02-23,-0.0677585758865292
2023-02-24,-0.06680096458126102
2023-02-27,-0.07530506814268112
2023-02-28,-0.06913135411844844
2023-03-01,-0.06310916087036565
2023-03-02,-0.06512211438151878
2023-03-03,-0.060964384283962135
2023-03-06,-0.05425352910827756
2023-03-08,-0.05491264448453019
2023-03-09,-0.056402851317965616
2023-03-10,-0.05897264368147006
2023-03-13,-0.06983592572754597
2023-03-14,-0.07759530467418874
2023-03-15,-0.07678012289850157
2023-03-16,-0.0837409873548337
2023-03-17,-0.07992039098421085
2023-03-20,-0.08834191572262913
2023-03-21,-0.08333491167475161
2023-03-22,-0.08015070256395888
2023-03-23,-0.07794683287485674
2023-03-24,-0.08879572044719845
2023-03-27,-0.09554975904408582
2023-03-28,-0.10371066804752602
2023-03-29,-0.09059427206009929
2023-03-31,-0.07788698216827752
2023-04-03,-0.07476035095242178
2023-04-05,-0.07101703017763543
2023-04-06,-0.06980562157231604
2023-04-10,-0.06858966734371211
2023-04-11,-0.06646913408149242
2023-04-12,-0.06298945945720714
2023-04-13,-0.06063861461523954
2023-04-17,-0.05850444448316645
2023-04-18,-0.05811352088069944
2023-04-19,-0.05583919403068755
2023-04-20,-0.050122315146547185
2023-04-21,-0.05126478179871839
2023-04-24,-0.050176862625961174
2023-04-25,-0.05000337133726934
2023-04-26,-0.046466118818047075
2023-04-27,-0.04285840913791507
2023-04-28,-0.036546053603505047
2023-05-02,-0.03515736569009006
2023-05-03,-0.03410808431525119
2023-05-04,-0.028868495875983415
2023-05-05,-0.03225877324234013
2023-05-08,-0.02278417910967921
2023-05-09,-0.023998618130521482
2023-05-10,-0.01924692659045683
2023-05-11,-0.01295502636082709
2023-05-12,-0.014029308663730677
2023-05-15,-0.01113071621598075
2023-05-16,-0.008957908285989413
2023-05-17,-0.010810249774423577
2023-05-18,-0.010230682805649661
2023-05-19,-0.013309584977018073
2023-05-22,-0.006581304912076419
2023-05-23,-0.008523801262319611
2023-05-24,-0.007641950345126482
2023-05-25,-0.006300233872318053
2023-05-26,-0.003128904027498073
2023-05-29,-0.002130382112669429
2023-05-30,-0.0007113900440245068
2023-05-31,0.0
2023-06-01,0.0
2023-06-02,0.0
2023-06-05,0.0
2023-06-06,0.0
2023-06-07,0.0
2023-06-08,-0.003118112686177322
2023-06-09,-0.006472547051350061
2023-06-12,-0.002101707220405231
2023-06-13,0.0
2023-06-14,0.0
2023-06-15,0.0
2023-06-16,0.0
2023-06-19,-0.0017193421622038324
2023-06-20,0.0
2023-06-21,0.0
2023-06-22,-0.004355401960656354
2023-06-23,-0.010876898234190692
2023-06-26,-0.00491832533198694
2023-06-27,-0.002426518913789964
2023-06-28,-0.0021095118090586427
2023-06-30,0.0
2023-07-03,0.0
2023-07-04,-0.0027878293150421316
2023-07-05,0.0
2023-07-06,0.0
2023-07-07,-0.0008350772553890082
2023-07-10,-0.001099351275319157
2023-07-11,0.0
2023-07-12,0.0
2023-07-13,-0.003258439414901299
2023-07-14,0.0
2023-07-17,0.0
2023-07-18,-0.0021813578988081213
2023-07-19,0.0
2023-07-20,0.0
2023-07-21,-0.0017831492050621501
2023-07-24,0.0
2023-07-25,0.0
2023-07-26,0.0
2023-07-27,0.0
2023-07-28,0.0
2023-07-31,0.0
2023-08-01,0.0
2023-08-02,-0.009010826211602879
2023-08-03,-0.011354336106611665
2023-08-04,-0.007038025645725966
2023-08-07,-0.006940578156634156
2023-08-08,-0.008487471864592916
2023-08-09,-0.0028375618501939757
2023-08-10,-0.008677596685967693
2023-08-11,-0.00788847645961689
2023-08-14,-0.009585289381562782
2023-08-16,-0.006124199891376653
2023-08-17,-0.008482020256811577
2023-08-18,-0.008505189589882318
2023-08-21,-0.005291466802775132
2023-08-22,0.0
2023-08-23,0.0
2023-08-24,-0.00029322812335347265
2023-08-25,-0.003914900187313704
2023-08-28,0.0
2023-08-29,0.0
2023-08-30,0.0
2023-08-31,0.0
2023-09-01,0.0
2023-09-04,0.0
2023-09-05,0.0
2023-09-06,-0.0009936382115830265
2023-09-07,0.0
2023-09-08,0.0
2023-09-11,0.0
2023-09-12,-0.02150127620478125
2023-09-13,-0.019906342828090555
2023-09-14,-0.011948451133873755
2023-09-15,-0.01159939815782611
2023-09-18,-0.014740874942254734
2023-09-20,-0.01328788547449277
2023-09-21,-0.02686352996435919
2023-09-22,-0.024073041754736395
2023-09-25,-0.024480162693527728
2023-09-26,-0.024764050511385194
2023-09-27,-0.02087543260632245
2023-09-29,-0.024137561713340513
2023-10-03,-0.021041894099520782
2023-10-04,-0.026729328450462827
2023-10-05,-0.02537182852143483
2023-10-06,-0.021103188060194594
2023-10-09,-0.03423622563403759
2023-10-10,-0.02667577688482157
2023-10-11,-0.021084477272199365
2023-10-12,-0.019173396098349053
2023-10-13,-0.019346954786993876
2023-10-16,-0.013007868854151308
2023-10-17,-0.009705092173212844
2023-10-18,-0.0088108455469615
2023-10-19,-0.008734711995808827
2023-10-20,-0.013544029710150512
2023-10-23,-0.044984605537877184
2023-10-25,-0.05293604523623337
2023-10-26,-0.061537846117317954
2023-10-27,-0.049754566077470405
2023-10-30,-0.05028298453843724
2023-10-31,-0.04792671565021926
2023-11-01,-0.05055912996126234
2023-11-02,-0.04627113351244082
2023-11-03,-0.04045594964346284
2023-11-06,-0.03483303525112454
2023-11-07,-0.03188189234457797
2023-11-08,-0.028761061946902762
2023-11-09,-0.029621112995093953
2023-11-10,-0.028470722133184686
2023-11-13,-0.02372269837951681
2023-11-15,-0.014523442681759206
2023-11-16,-0.013891792287026035
2023-11-17,-0.01021221904784039
2023-11-20,-0.00647457784591087
2023-11-21,-0.0001335563143103013
2023-11-22,-0.0035918260954844183
2023-11-23,-0.003859583923691082
2023-11-24,-0.001985924325831046
2023-11-28,0.0
2023-11-29,0.0
2023-11-30,0.0
2023-12-01,-8.765722721136549e-05
2023-12-04,0.0
2023-12-05,0.0
2023-12-06,-0.00012037308131881046
2023-12-07,0.0
2023-12-08,-0.0025100527142328344
2023-12-11,-0.0010090224360576495
2023-12-12,-0.003208366258889797
2023-12-13,-0.00010377802006530907
2023-12-14,0.0
2023-12-15,0.0
2023-12-18,-0.0006636012251861795
2023-12-19,-0.002977539079426595
2023-12-20,-0.027335170617322407
2023-12-21,-0.018014420946027926
2023-12-22,-0.014488420406232848
2023-12-26,-0.013734440655974841
2023-12-27,-0.010770520258408333
2023-12-28,-0.009782546792552773
2023-12-29,-0.0019010441814800243
2024-01-01,-0.0007155998286522247
2024-01-02,0.0
2024-01-03,0.0
2024-01-04,0.0
2024-01-05,0.0
2024-01-08,-0.007073592106010428
2024-01-09,-0.005610995792974557
2024-01-10,-0.006068400652458352
2024-01-11,-0.0002039695902104387
2024-01-12,0.0
2024-01-15,0.0
2024-01-16,-0.003552333286671959
2024-01-17,-0.012817972309737862
2024-01-18,-0.016709661898104744
2024-01-19,-0.013247015634023663
2024-01-23,-0.02355981124517704
2024-01-24,-0.012810094395591281
2024-01-25,-0.011841716948968756
2024-01-29,-0.004698266798288527
2024-01-30,-0.006865299181969553
2024-01-31,0.0
2024-02-01,-0.0033886882927461645
2024-02-02,-0.0016045696419731454
2024-02-05,-0.007663151695570981
2024-02-06,0.0
2024-02-07,0.0
2024-02-08,-0.0001025448307625356
2024-02-09,-0.003707025269298808
2024-02-12,-0.019833237209903362
2024-02-13,-0.013937798558089349
2024-02-14,-0.0038623243771587134
2024-02-15,0.0
2024-02-16,0.0
2024-02-19,-0.0002699072827232469
2024-02-20,0.0
2024-02-21,-0.0031602349857920244
2024-02-22,-0.0020288873511094727
2024-02-23,0.0
2024-02-26,0.0
2024-02-27,0.0
2024-02-28,-0.008603533963655381
2024-02-29,-0.006936580999423841
2024-03-01,0.0
2024-03-04,0.0
2024-03-05,-0.0032945452515992955
2024-03-06,-0.018785360987282115
2024-03-07,-0.011784088980045456
2024-03-11,-0.02053466161584445
2024-03-12,-0.033750049415271946
2024-03-13,-0.06643796116075894
2024-03-14,-0.05493641126528664
2024-03-15,-0.05462364166137623
2024-03-18,-0.051776159282280854
2024-03-19,-0.055944482813949724
2024-03-20,-0.05775598854960941
2024-03-21,-0.04067632648030702
2024-03-22,-0.031520548614163195
2024-03-26,-0.03271407277183625
2024-03-27,-0.02807775754658392
2024-03-28,-0.024403586734848104
2024-03-31,-0.02440533080327129
2024-04-01,-0.004029960770087542
2024-04-02,0.0
2024-04-03,0.0
2024-04-04,0.0
2024-04-05,0.0
2024-04-08,0.0
2024-04-09,-0.0014723924982600499
2024-04-10,0.0
2024-04-12,-0.006305102526449763
2024-04-15,-0.015627384549644463
2024-04-16,-0.012877557226365343
2024-04-18,-0.012286330221195753
2024-04-19,-0.0072105955114226674
2024-04-22,0.0
2024-04-23,0.0
2024-04-24,0.0
2024-04-25,0.0
2024-04-26,-5.265068487458179e-05
2024-04-29,0.0
2024-04-30,0.0
2024-05-02,0.0
2024-05-03,-0.006847680225267879
2024-05-06,-0.01104560353740895
2024-05-07,-0.019642189321776703
2024-05-08,-0.015087885254196319
2024-05-09,-0.03767186571925125
2024-05-10,-0.03326440372219908
2024-05-13,-0.03312581120619488
2024-05-14,-0.022342543502650858
2024-05-15,-0.012579470708581826
2024-05-16,0.0
2024-05-17,0.0
2024-05-21,0.0
2024-05-22,0.0
2024-05-23,-0.001658459873479608
2024-05-24,-0.005088247778549356
2024-05-27,-0.0065053102038215285
2024-05-28,-0.0101284320830709
2024-05-29,-0.006760748666913525
2024-05-30,-0.017179181711254016
2024-05-31,-0.008731351102057569
2024-06-03,0.0
2024-06-04,-0.04577683498693258
2024-06-05,-0.020682607916411484
2024-06-06,-0.0021785245204384725
2024-06-07,0.0
2024-06-10,0.0
2024-06-11,0.0
2024-06-12,0.0
2024-06-13,0.0
2024-06-14,0.0
2024-06-18,0.0
2024-06-19,-0.0019525693613570017
2024-06-20,0.0
2024-06-21,0.0
2024-06-24,0.0
2024-06-25,0.0
2024-06-26,-0.003041816700185867
2024-06-27,-0.008770186784204693
2024-06-28,-0.0070962342088467705
2024-06-30,-0.007091718149740581
2024-07-01,0.0
2024-07-02,0.0
2024-07-03,0.0
2024-07-04,0.0
2024-07-05,0.0
2024-07-08,-0.004595589581052632
2024-07-09,-0.0007257478448412162
2024-07-10,-0.004329595919022763
2024-07-11,0.0
2024-07-12,-0.004655860783918468
2024-07-15,-0.005198882203800195
2024-07-16,-0.003354070420381427
2024-07-18,-0.00841512745662406
2024-07-19,-0.022392450102906258
2024-07-22,-0.016057362542528562
2024-07-23,-0.01768253068436294
2024-07-24,-0.004212190368212382
2024-07-25,-0.007746943252070185
2024-07-26,0.0
2024-07-29,0.0
2024-07-30,0.0
2024-07-31,-0.0012238177747792372
2024-08-01,-0.004077316149411167
2024-08-02,-0.011920483470314118
2024-08-05,-0.043745495737242394
2024-08-06,-0.04638336451177625
2024-08-07,-0.032046391989695826
2024-08-08,-0.036411214272571185
2024-08-09,-0.03412362380397457
2024-08-12,-0.03122795786310106
2024-08-13,-0.03393099469455358
2024-08-14,-0.03899541523552505
2024-08-16,-0.02800357657630028
2024-08-19,-0.021992302502453473
2024-08-20,-0.021147992823846887
2024-08-21,-0.014379140088321874
2024-08-22,-0.012215656434004005
2024-08-23,-0.011032089517909727
2024-08-26,-0.009127361383709629
2024-08-27,-0.005753956084396539
2024-08-28,-0.003797476846172805
2024-08-29,-0.007864730280912665
2024-08-30,-0.001314861383709587
2024-08-31,-0.00131534056059871
2024-09-02,-0.0018203930017174684
2024-09-03,0.0
2024-09-04,-0.0012750333459226467
2024-09-05,0.0
2024-09-06,-0.002769373715987288
2024-09-09,-0.006543109504977955
2024-09-10,0.0
2024-09-11,-0.008139342215390902
2024-09-12,-0.002601549411264275
2024-09-13,0.0
2024-09-16,0.0
2024-09-17,-0.0011575746769395554
2024-09-18,-0.004319672669600913
2024-09-19,-0.008576000150151527
2024-09-20,-0.004892594712788204
2024-09-23,0.0
2024-09-24,-0.0033478313980998143
2024-09-25,-0.0021229922021223113
2024-09-26,-0.005933239009326427
2024-09-27,0.0
2024-09-30,0.0
2024-10-01,0.0
2024-10-03,-0.014787477266458793
2024-10-04,-0.016944976079904445
2024-10-07,-0.03894605039577482
2024-10-08,-0.021296842062033115
2024-10-09,-0.013133068161188432
2024-10-10,-0.014319855849397888
2024-10-11,-0.011236447962650048
2024-10-14,-0.007326068867287525
2024-10-15,0.0
2024-10-16,-0.00029299872785455185
2024-10-17,-0.009750010131514136
2024-10-18,-0.010485068943206232
2024-10-21,-0.025598958806428554
2024-10-22,-0.04917953368949686
2024-10-23,-0.04898668556019354
2024-10-24,-0.057282881654133894
2024-10-25,-0.07290497757791138
2024-10-28,-0.0741333363145605
2024-10-29,-0.06994051986079533
2024-10-30,-0.06291646927682427
2024-10-31,-0.04644286035699265
2024-11-04,-0.048885603328167514
2024-11-05,-0.05027187393881128
2024-11-06,-0.04231246334604554
2024-11-07,-0.04545532887360396
2024-11-08,-0.05506373071693399
2024-11-11,-0.06287780648761604
2024-11-12,-0.07458517854988463
2024-11-13,-0.09350432534131563
2024-11-14,-0.08754652926936186
2024-11-18,-0.09182878253671688
2024-11-19,-0.08273743727195369
2024-11-21,-0.0869181424905451
2024-11-22,-0.08249055440110652
2024-11-25,-0.06257782050869981
2024-11-26,-0.060922307823811445
2024-11-27,-0.05797741440966817
2024-11-28,-0.05809712931119218
2024-11-29,-0.05332157611888015
2024-11-30,-0.05331784958498058
2024-12-02,-0.05408365230134431
2024-12-03,-0.04221464183118149
2024-12-04,-0.03631879938530832
2024-12-05,-0.03592984240953957
2024-12-06,-0.03212924364870526
2024-12-09,-0.02588962845059579
2024-12-10,-0.0208830301565098
2024-12-11,-0.01950840496430221
2024-12-12,-0.025807644704804955
2024-12-13,-0.02425135098499289
2024-12-16,-0.02208250825543713
2024-12-17,-0.025748951795886606
2024-12-18,-0.026890668619370513
2024-12-19,-0.030256194547428828
2024-12-20,-0.05036783218672548
2024-12-23,-0.0598723568976047
2024-12-24,-0.059461506535175984
2024-12-26,-0.06291087947597486
2024-12-27,-0.057771989228453745
2024-12-30,-0.06395337733438246
2024-12-31,-0.0589337361716479
2025-01-01,-0.04967190198097895
2025-01-02,-0.04527133126231218
2025-01-03,-0.04625280712811411
2025-01-06,-0.06868095140273726
2025-01-07,-0.061332692369502693
2025-01-08,-0.07252021295277968
2025-01-09,-0.08048800824681962
2025-01-10,-0.0958725376344988
2025-01-13,-0.12440055208599728
2025-01-14,-0.11755956747984296
2025-01-15,-0.11359360377721485
2025-01-16,-0.10774620627203611
2025-01-17,-0.11239831802892442
2025-01-20,-0.10623789167618101
2025-01-21,-0.1194656895694782
2025-01-22,-0.12895763722844633
2025-01-23,-0.12611568931327904
2025-01-24,-0.13900437262171444
2025-01-27,-0.1561706510301305
2025-01-28,-0.16153872311247572
2025-01-29,-0.14068923176106218
2025-01-30,-0.1431389619832986
2025-01-31,-0.1340806897068942
2025-02-03,-0.1308386052142595
2025-02-04,-0.1254747254825513
2025-02-05,-0.12425894379781317
2025-02-06,-0.12322296737372991
2025-02-07,-0.13078550210619044
2025-02-10,-0.14525097507088572
2025-02-11,-0.16707448922030205
2025-02-12,-0.17053271267911246
2025-02-13,-0.17447305646118103
2025-02-14,-0.19086375000174688
2025-02-17,-0.19599239228104406
2025-02-18,-0.205153144239687
2025-02-19,-0.1948162050189891
2025-02-20,-0.19075940705255862
2025-02-21,-0.19323335974514244
2025-02-24,-0.20332248446151824
2025-02-25,-0.20542285213066908
2025-02-27,-0.2114835937015987
2025-02-28,-0.22080365498444882
2025-03-03,-0.22424604067418585
2025-03-04,-0.22015570390265923
2025-03-05,-0.2056063839252234
2025-03-06,-0.19388270827714427
2025-03-07,-0.1911260048249298
2025-03-10,-0.1993178579696819
2025-03-11,-0.2043300460646172
2025-03-12,-0.20386003697653265
2025-03-13,-0.2060367985906249
2025-03-17,-0.2041916984935953
2025-03-18,-0.18805114854103874
2025-03-19,-0.1788722297296354
2025-03-20,-0.17431840530434833
2025-03-21,-0.1621051562652119
2025-03-24,-0.15378520351766173
2025-03-25,-0.15617344593055515
2025-03-26,-0.16683226451682925
2025-03-27,-0.16780209496419501
2025-03-28,-0.16826185608405575
2025-03-31,-0.16822459074505988
2025-04-01,-0.16941475250923838
2025-04-02,-0.15918215623772872
2025-04-03,-0.15677621278881226
2025-04-04,-0.17603866651574207
2025-04-07,-0.19929363549933463
2025-04-08,-0.18659174470261566
2025-04-09,-0.19226259766430176
2025-04-11,-0.17383209263045316
2025-04-15,-0.15468795635483507
2025-04-16,-0.149047381481083
2025-04-17,-0.14525423578804783
2025-04-21,-0.133074991370745
2025-04-22,-0.12678273888130395
2025-04-23,-0.12663181425837083
2025-04-24,-0.12685354302539592
2025-04-25,-0.1410842443544177
2025-04-28,-0.13917812226478246
2025-04-29,-0.14068503941042515
2025-04-30,-0.15289968589977398
2025-05-02,-0.15372138662463142
2025-05-05,-0.14443439833014027
2025-05-06,-0.15745770267569795
2025-05-07,-0.14981597909787137
2025-05-08,-0.15587113086795173
2025-05-09,-0.1600956228598633
2025-05-12,-0.1358195835877858
2025-05-13,-0.1339539875543084
2025-05-14,-0.12268029087460354
2025-05-15,-0.1160121242780423
2025-05-16,-0.11236617667404053
2025-05-19,-0.10562487684970012
2025-05-20,-0.11419357573504718
2025-05-21,-0.11368676712470427
2025-05-22,-0.1138782178037952
2025-05-23,-0.11148811212395207
2025-05-26,-0.10557782935921795
2025-05-27,-0.10706890873578744
2025-05-28,-0.10455023763640862
2025-05-29,-0.10334656718684426
2025-05-30,-0.10247735315476719
2025-05-31,-0.10247176335391778
2025-06-02,-0.10090801656630644
2025-06-03,-0.09931632077444838
2025-06-04,-0.09946398468021925
2025-06-05,-0.09882069176580419
2025-06-06,-0.09428130765937807
2025-06-09,-0.08594272224233004
2025-06-10,-0.08550718359281657
2025-06-11,-0.08552954279621414
2025-06-12,-0.09484401427821469
2025-06-13,-0.09692015947701822
2025-06-16,-0.09486357858118746
2025-06-17,-0.09399762526627252
2025-06-18,-0.09282283545442993
2025-06-19,-0.10491683540877982
2025-06-20,-0.10289658821846998
2025-06-23,-0.10109946724539737
2025-06-24,-0.09406190797604029
2025-06-25,-0.08028910449992954
2025-06-26,-0.08127617016658077
2025-06-27,-0.07736237793854667
2025-06-30,-0.06688615951335196
2025-07-01,-0.06712186278250042
2025-07-02,-0.07143672322147679
2025-07-03,-0.068279883191795
2025-07-04,-0.0652166723263401
2025-07-07,-0.0668596079593175
2025-07-08,-0.06631879472714085
2025-07-09,-0.06217721811449502
2025-07-10,-0.06092044455686159
2025-07-11,-0.062494439312696715
2025-07-14,-0.05896215099263222
2025-07-15,-0.05007483345887106
2025-07-16,-0.05120816558108077
2025-07-17,-0.04552147485032146
2025-07-18,-0.049568024848528146
2025-07-21,-0.05065244621330596
2025-07-22,-0.05266197961865454
2025-07-23,-0.05017964222479666
2025-07-24,-0.055691651679013174
2025-07-25,-0.07099885548827614
2025-07-28,-0.08018476155074128
2025-07-29,-0.07854648408513824
2025-07-30,-0.07558295800149724
2025-07-31,-0.08006318338226741
2025-08-01,-0.09186791114266245
2025-08-04,-0.08861278378137916
2025-08-05,-0.09178266667970963
2025-08-06,-0.09829245558553863
2025-08-07,-0.1009438844550899
2025-08-08,-0.10582983621417695
2025-08-11,-0.10023584301416973
2025-08-12,-0.10234785610175673
2025-08-13,-0.10133610214802075
2025-08-14,-0.09904940778389096
2025-08-18,-0.08271228316813149
2025-08-19,-0.07750165714304345
2025-08-20,-0.07373413137056796
2025-08-21,-0.06810846263241431
2025-08-22,-0.07248620833094607
2025-08-25,-0.07404716021813276
2025-08-26,-0.08888761565647318
2025-08-28,-0.09403628805548075
2025-08-29,-0.09746516505983191
2025-08-31,-0.0974628359761446
2025-09-01,-0.0882368696742591
2025-09-02,-0.08589660638532266
2025-09-03,-0.07939473636403027
2025-09-04,-0.07913294735758468
2025-09-05,-0.07957454162468502
2025-09-08,-0.08025416824462088
2025-09-09,-0.07654440374758881
2025-09-10,-0.07438720643646934
2025-09-11,-0.07310155224111428
2025-09-12,-0.07269116769542303
2025-09-15,-0.06791608031984846
2025-09-16,-0.06287221668676675
2025-09-17,-0.059888660483415374
2025-09-18,-0.06117105396160834
2025-09-19,-0.06228295851389554
2025-09-22,-0.06718381640858101
2025-09-23,-0.07089451253908788
2025-09-24,-0.07355525774338813
2025-09-25,-0.08073535693440426
2025-09-26,-0.09586228966627501
2025-09-30,-0.09686426146852452
2025-10-01,-0.09125862285008113
2025-10-03,-0.08561804797632906
2025-10-06,-0.08444512143143619
2025-10-07,-0.0849989775322614
2025-10-08,-0.08765739365287435
2025-10-09,-0.09148221488405595
2025-10-10,-0.09110536914346083
2025-10-13,-0.09381688837214297
2025-10-14,-0.09912207519493267
2025-10-15,-0.09305481218967881
2025-10-16,-0.08256415344562315
2025-10-17,-0.08184027423562977
2025-10-20,-0.07989176282288672
2025-10-23,-0.07417945217156774
2025-10-24,-0.0757660239793141
2025-10-27,-0.06931446216566586
2025-10-28,-0.06540952045564329
2025-10-29,-0.06353367645394221
2025-10-30,-0.06595126532129486
2025-10-31,-0.06918915746329256
2025-11-03,-0.06384391040108223
2025-11-04,-0.06618743440718065
2025-11-06,-0.0785995871932073
2025-11-07,-0.08087370450542612
2025-11-10,-0.08585747777937709
2025-11-11,-0.08490954071867143
2025-11-12,-0.08288137464382499
2025-11-13,-0.08445350613271026
2025-11-14,-0.08202613511387129
2025-11-17,-0.07804992344301925
2025-11-18,-0.0825841835653334
2025-11-19,-0.08453968222913813
2025-11-20,-0.08665821675104934
2025-11-21,-0.09514306862365599
2025-11-24,-0.09673849094941375
2025-11-25,-0.09536433157394363
2025-11-26,-0.08767229978847263
2025-11-27,-0.0909632950385394
2025-11-28,-0.0917579783926249
2025-11-30,-0.09175518349220012
2025-12-01,-0.08996831048735156
2025-12-02,-0.09430692757993774
2025-12-03,-0.09475271419767499
2025-12-04,-0.09883140555076543
2025-12-05,-0.10029779664025018
2025-12-08,-0.11420708442043322
2025-12-09,-0.10862566827233697
2025-12-10,-0.10909893807758374
2025-12-11,-0.10798330699139683
2025-12-12,-0.10405880097840146
2025-12-15,-0.10035648954916866
2025-12-16,-0.10882596946943943
2025-12-17,-0.11465892665575735
2025-12-18,-0.11708163950722182
2025-12-19,-0.1097510815100102
2025-12-22,-0.10443331763530939
2025-12-23,-0.0997383507385758
2025-12-24,-0.09964705065803611
2025-12-26,-0.10287748973223466
2025-12-29,-0.10311179555117073
2025-12-30,-0.10586430665274815
2025-12-31,-0.09737572824624194
2026-01-01,-0.09798455072208592
2026-01-02,-0.09364174127886257
2026-01-05,-0.09455194718383506
2026-01-06,-0.0977004025122429
2026-01-07,-0.09949566021836567
2026-01-08,-0.11420289206979618
2026-01-09,-0.1284703929210762
2026-01-12,-0.13272516300092196
2026-01-13,-0.12585110540640881
2026-01-14,-0.12735056948425238
2026-01-16,-0.12905359547636053
2026-01-19,-0.1363562044693253
2026-01-20,-0.15298213546230216
2026-01-21,-0.15439123109308095
2026-01-22,-0.1486994163782097
2026-01-23,-0.1624452024835485
2026-01-27,-0.16361906066191628
2026-01-28,-0.15646504720819732
2026-01-29,-0.16180563610303314
2026-01-30,-0.14614813810720964
2026-01-31,-0.1461532620913216
2026-02-02,-0.15900328261054889
2026-02-03,-0.13031595883484337
2026-02-04,-0.12995960903069598
2026-02-05,-0.13500207521356541
2026-02-06,-0.1399765321527674
2026-02-09,-0.12207985310003375
2026-02-10,-0.11951786104407233
2026-02-11,-0.11612951009587913
2026-02-12,-0.11679795711411627
2026-02-13,-0.12782337347276168
2026-02-16,-0.1342931021391702
2026-02-17,-0.1259242386341881
2026-02-18,-0.12327327558137433
2026-02-19,-0.13047573397578788
2026-02-20,-0.13254302865657988
2026-02-23,-0.1262577634182005
2026-02-24,-0.13261196953372215
2026-02-25,-0.1333535497797386
2026-02-26,-0.13313834244703784
2026-02-27,-0.13936584640997368
2026-02-28,-0.1393667780434486
2026-03-02,-0.15539273707859314
2026-03-04,-0.17086437419617498
2026-03-05,-0.16467925955634682
2026-03-06,-0.16628865638422807
2026-03-09,-0.18121435628552143
2026-03-10,-0.16692449623084388
2026-03-11,-0.16903371441800621
2026-03-12,-0.1708983788180087
2026-03-13,-0.18959346775872743
2026-03-16,-0.19031827860219588
2026-03-17,-0.1891863439301983
2026-03-18,-0.17321814617049733
2026-03-19,-0.18994283031181314
2026-03-20,-0.18658848398545355
2026-03-23,-0.21226150765313606
2026-03-24,-0.19877238657013088
2026-03-25,-0.18285915518544868
2026-03-27,-0.19658770607150206
2026-03-30,-0.21104246525123596
2026-03-31,-0.21104339688471088
2026-04-01,-0.19049435732895093
2026-04-02,-0.19019111063287258
2026-04-06,-0.18521618787693314
2026-04-07,-0.18559303361752813
2026-04-08,-0.15883605440180512
2026-04-09,-0.15572812512955536
2026-04-10,-0.13965185788676654
2026-04-13,-0.14127103686613413
2026-04-15,-0.12762493554260895
2026-04-16,-0.12271988529728657
2026-04-17,-0.11250638751201227
2026-04-20,-0.11001846031730508
2026-04-21,-0.10265203443130999
2026-04-22,-0.09541743468201255
2026-04-23,-0.10082603282051573
2026-04-24,-0.11009205936182184
2026-04-27,-0.09709949892093551
2026-04-28,-0.0987177462668283
2026-04-29,-0.09560609046067885
2026-04-30,-0.09904940778389096
2026-05-04,-0.08957562697768323
2026-05-05,-0.09369857092083121
2026-05-06,-0.08698242520031287
2026-05-07,-0.08012700027529772
2026-05-08,-0.08289022516183639
2026-05-11,-0.08892767589589368
2026-05-12,-0.11208249428093511
2026-05-13,-0.11278680918795571
2026-05-14,-0.11525330881274025
2026-05-15,-0.11382790959615093
2026-05-18,-0.12467165742719173
2026-05-19,-0.11701968588114137
2026-05-20,-0.11557192746115448
2026-05-21,-0.10676146968907206
2026-05-22,-0.10506030696391365
2026-05-25,-0.09836558881331794
2026-05-26,-0.09526371515865494
2026-05-27,-0.09142398779187505
2026-05-29,-0.097783783708246
2026-05-31,-0.09778937350909529
2026-06-01,-0.10414357962461694
2026-06-02,-0.10037046405129202
2026-06-03,-0.09593821779447896
2026-06-04,-0.09388396598233538
2026-06-05,-0.0928000104342949
2026-06-08,-0.10605482569836415
2026-06-09,-0.09453937013192396
2026-06-10,-0.09893761176690355
2026-06-11,-0.10250064399163955
2026-06-12,-0.08440133465811613
2026-06-15,-0.07753379849792734
2026-06-16,-0.07481715528513352
2026-06-17,-0.06915748192514613
2026-06-18,-0.06391098801127465
2026-06-19,-0.058695703818812256
2026-06-22,-0.04914552906766326
2026-06-23,-0.05185658247960779
